,F,xFp,D,QR,ns
0,103.80099503803373,0.49662961528833144,52.587827733337605,1051.3329304989,93.06270364656636
1,100.60822068597736,0.4430225430475529,45.237611996249534,904.3878258283543,80.05530291597259
2,98.0760944698892,0.4858715680180235,48.565969298226065,970.92816010073,85.94537182686936
3,98.14943086711484,0.42133449323860356,41.869421873629776,837.0511560186135,74.09474335842418
4,99.84682056197514,0.4055665860800417,40.92006561971436,818.0716785323505,72.41470325178298
5,114.7593628954756,0.4584789915341166,53.48593719335233,1069.2878849285446,94.6520542267681
6,106.51288484949201,0.4499739171314995,48.67959430666711,973.199744956983,86.14644973678053
7,99.90819531267518,0.5277911954270432,53.92485324275281,1078.0626702039337,95.4287874745874
8,107.29773515148081,0.43777614809773613,47.64714550509855,952.5590858742909,84.31936386934665
9,104.00897135955148,0.37006152036448314,38.700615057047806,773.7005461863298,68.48702494913458
10,116.02776130247267,0.38446120730606514,44.9485735175586,898.6093846200582,79.5438023759376
11,104.17075348165302,0.49062121793841257,52.10987125541845,1041.7776511454779,92.21688201867757
12,85.27356803412404,0.4622647773811277,40.086623706533075,801.4095541063589,70.93979240042933
13,102.76387501905845,0.34965934315771874,36.00879202713086,719.8857697179541,63.723406832553664
14,92.41605110580967,0.4204503242906281,39.336774697045854,786.4186143669687,69.61281277116159
15,80.9615910358146,0.5159739200960771,42.681587673520816,853.2879295697129,75.53200267117616
16,96.70610389283473,0.4389050915226942,43.05982068668273,860.8495429559006,76.20134742889697
17,106.55365069151696,0.4232057723109605,45.66650405997599,912.9622121390365,80.81429709282534
18,107.76383233358565,0.3984628755246508,43.35098837428271,866.6705511904167,76.7166159499695
19,93.95598451197361,0.4083154135665324,38.780353935818184,775.2946814207695,68.6281358480625
20,100.70721312887723,0.41668929124333715,42.463300381787846,848.9239421604592,75.1457078494283
21,105.19711598217326,0.4794153259594988,51.37028840236962,1026.991951835262,90.90807002088262
22,91.43882846102862,0.4861366742325356,45.3050503768529,905.7360501868,80.17464608527632
23,97.84981966700805,0.4181374843708303,41.40909975378612,827.8484217721502,73.28012859171056
24,106.16038943257928,0.4612891322542663,49.795308389113416,995.5050389091336,88.12088704450711
25,110.00977471070858,0.4582898706738811,51.25018062374497,1024.5907637976525,90.69551979605738
26,79.27016903944467,0.46440551837155747,37.444834782499356,748.5950567031281,66.2647177618495
27,109.84517658287623,0.3451752097142664,37.96654797134078,759.0251177903798,67.18797399764331
28,107.84217341895909,0.3803686462372706,41.30839502792864,825.8351384875144,73.10191522062767
29,94.93051263246623,0.48307740344608907,46.726376804473446,934.1511291652106,82.68991408207229
30,75.30240446129292,0.4188837632651106,31.926983922653037,638.2824888603504,56.499984334568246
31,116.9792210441235,0.5208813622403422,62.27966793196714,1245.0916613143352,110.21398924004139
32,102.50755501527252,0.4611560236034681,48.06741641140664,960.9611184848187,85.0631015077095
33,110.20412748134234,0.5480086582856337,61.85026943979859,1236.5071505143735,109.45409885579511
34,100.35113598674181,0.5350923633645697,54.942712374288,1098.411653413856,97.2300545509219
35,84.73135245309957,0.4475251786783236,38.50423745447216,769.7745760655043,68.13950288140454
36,99.29608207516807,0.41500935359259494,41.69098766452954,833.4839092232932,73.77897504020979
37,109.53548613005975,0.36697138417222375,40.397193068159275,807.6184395301364,71.48939533533816
38,86.3473817846828,0.5106160776750576,45.029138784770176,900.2200409663039,79.68637570345241
39,109.92749604737972,0.4590994373794568,51.3064430983598,1025.7155600644592,90.79508538427778
40,88.12259554840558,0.5759829403990842,52.07765708822468,1041.133627304616,92.15987381689413
41,89.02063906773994,0.40972096080010056,36.876285064326716,737.228642323516,65.25857667918415
42,112.90008958533585,0.42669851532811404,48.80558972658074,975.7186383921505,86.36941909926692
43,106.53351239870001,0.435435044357346,47.04268117442369,940.4746685567909,83.24966604581681
44,112.52240453376392,0.45845624442535327,52.44063659182023,1048.3902933749703,92.80222501162652
45,90.65651561504949,0.34378009873552384,31.19980397200179,623.7447476858168,55.21312128731823
46,93.83106541449374,0.48105735746023165,45.983740505617156,919.3043855360479,81.37569851591319
47,94.40629571876867,0.48794248830187303,46.95654435587062,938.7526260656567,83.09723295314923
48,102.38833360889764,0.4655518956410492,48.489919356901034,969.4077738987567,85.81078910198941
49,99.2315921832954,0.43144438067075086,43.397407513635734,867.5985600455214,76.79876215747295
50,106.03935043761119,0.45331003676267206,48.83919519176357,976.3904769851155,86.42888942884724
51,105.30216644042716,0.4459359170899647,47.674292978702645,953.101816658391,84.36740573377928
52,106.14653647887093,0.4596702423831333,49.606157973847026,991.7235543154843,87.78615465871964
53,101.26028520706541,0.4239191494829743,43.47466866203366,869.1431606320067,76.93548831001931
54,98.50272606467382,0.4440360982099033,44.397014905934554,887.5826554986154,78.56772981637948
55,96.38265823096998,0.4925113489166234,48.4076316463494,967.7626825609478,85.66516763118722
56,88.59206727040697,0.47180270369634275,42.54478690350568,850.553016175613,75.28991148644236
57,107.97874625311445,0.4270355021018465,46.716818874855775,933.9600475672903,82.67299977300455
58,100.26545162797355,0.43856704759719334,44.6086459012756,891.8135706001962,78.94224524039969
59,99.31362591717007,0.41628490495715964,41.833004684881644,836.3231056043379,74.03029722725303
60,100.9815791674468,0.4980242774834664,51.30914798114182,1025.7696359307658,90.79987211374714
61,99.56645100058671,0.44049053674715927,44.501222813824874,889.6659742038305,78.7521426371334
62,89.45071400023627,0.4341828175835084,39.38026016100599,787.2879733466006,69.6897673635052
63,112.54574922574152,0.4279143608885707,48.79786072081602,975.5641205382915,86.35574136805101
64,97.75011450988526,0.4501177567023918,44.689689594381136,893.4337916103347,79.08566522025032
65,89.86188439249318,0.4527655295983988,41.33623085653422,826.3916308265623,73.1511752410532
66,95.41621355793473,0.47249747067861025,45.892426973528465,917.4788504755047,81.21410438772858
67,92.61235710036314,0.4656691821801248,43.87167670991977,877.0801234693432,77.63805854153897
68,103.60905065912925,0.43996356498692,46.250027933374064,924.6279889980179,81.84693737559398
69,100.81398836041892,0.4222455315841523,43.10371634689121,861.727102556141,76.27902793013516
70,101.07653712382908,0.4781472866542892,49.22187630494667,984.0410165398101,87.10610582211385
71,109.57193066839294,0.5213554763797345,58.39124946651721,1167.3546153763082,103.33280112291745
72,106.87889400357857,0.4870278879464148,53.05636068509783,1060.6998152408821,93.8918488141404
73,94.90354747486502,0.3992593931719309,38.257931361799365,764.8504383444616,67.70362423996332
74,107.12305060783794,0.3701111818503363,39.86498496144083,796.9785646277383,70.5475666375454
75,88.20505054465377,0.48340731401740383,43.44692342226546,868.5884793399631,76.88638860125697
76,102.89912017140902,0.4131636122330221,43.001902404539756,859.6916438769806,76.09885162028283
77,101.25098058778411,0.4108088454468824,42.059713885923266,840.8554633566065,74.43149598559444
78,101.30615957875621,0.45401452105440765,46.73505987397456,934.3247206082842,82.70528018404978
79,107.78986408951782,0.4447762234579556,48.66769918685341,972.9619383825075,86.12539939000303
80,104.32447838120751,0.5355288190525093,57.166533947845394,1142.8701707667724,101.16546806737745
81,98.93963352972227,0.4083618241494237,40.84223698796602,816.5157328502506,72.27697284526495
82,97.06647924879017,0.44635704960508493,43.98913446860904,879.428332455628,77.845919125614
83,122.85372388475051,0.3334507222334895,40.93174795997954,818.305231229913,72.43537705058506
84,72.00359352632337,0.46691774283393,34.20459555135652,683.816374007411,60.53058809136947
85,97.02133401604952,0.4780274695944638,47.23473226621008,944.3141433142792,83.58953164989813
86,97.58241013807634,0.5325771972773642,53.165942062229405,1062.8905600446424,94.08577086159387
87,94.95488528112035,0.47715349405200813,46.1404736219938,922.4377852912544,81.65306322538409
88,89.99709406602598,0.44121686024825335,40.293679202761666,805.5489960838777,71.30621073551676
89,96.37972982852551,0.46417018585265885,45.50276627377256,909.6887754138012,80.5245364822433
90,88.38268491887453,0.45242488158745986,40.62380108463658,812.1487744062164,71.89041503115637
91,87.30095884920775,0.45555352558554474,40.41692220851509,808.0128634080664,71.52430925403897
92,105.21701801248385,0.4625832086840675,49.497539796061254,989.5520657395346,87.59393714897263
93,89.68238555268142,0.43207771332324413,39.28158201947545,785.315205423241,69.51514036259128
94,99.01072735894088,0.47615954548132605,48.00668408782948,959.7469612458821,84.955625795659
95,110.669638053903,0.43926082882490003,49.31913709208234,985.9854487928494,87.27822458418815
96,107.82943984883407,0.3439454857901581,37.12889059769472,742.2787181129685,65.70560320422935
97,91.03609036521428,0.44647005534795087,41.26718377626913,825.0112454338514,73.02898521637762
98,107.35868832875471,0.4237547800560729,46.07417473776025,921.1123416809285,81.5357365800088
99,90.08572350843568,0.4687449310743899,42.96929399083707,859.0397382818152,76.04114573525968
100,107.185599567649,0.4985705622664703,54.52367416237088,1090.0342647611094,96.48849836552525
101,90.29107093073736,0.45175236164317883,41.436419121638636,828.3945890565151,73.3284746509386
102,99.55111478293584,0.42879227861471264,43.25651259646168,864.7817966888731,76.54942571427995
103,99.81161368999315,0.438896805613297,44.44171570774507,888.4763114450334,78.64683514647128
104,86.22483334161566,0.4266892867000255,37.273295033514295,745.1656435714048,65.96115031075885
105,112.32510811216868,0.39960683356549365,45.322468771643386,906.0842777677628,80.20547076433715
106,83.55198170389545,0.4641775382844413,39.447187023833926,788.6259714700975,69.80820531901333
107,93.02596653825587,0.46070204877880727,43.57646050492999,871.1781775000877,77.1156255112959
108,77.90646225725226,0.3983346175551575,31.329412843508553,626.3358810444872,55.442485239375024
109,89.54838028985913,0.42783823513923475,38.819359456837994,776.0744776300241,68.69716245364228
110,83.08417353689762,0.4123616961147336,34.650347841441345,692.7278290267708,61.319419177572414
111,102.01836017216588,0.4663814694290185,48.404661482132504,967.7033032029328,85.65991144312596
112,112.40811234294421,0.41584173229485233,47.295729075069524,945.5335881282856,83.69747541161914
113,96.72867961624648,0.44915370094531304,44.12358720755276,882.1163041429943,78.08385508794805
114,116.40756539292644,0.4216681352358956,49.69941509218467,993.5879454443397,87.95118827849183
115,96.52997149268651,0.43121084862447095,42.19193398724873,843.4988002767439,74.66548093298881
116,114.5136202326928,0.40287797490519117,46.60368092448506,931.6981999489205,82.47278379146752
117,109.10774564880788,0.4318770465718072,47.76676874568339,954.9505870543277,84.53105662540116
118,99.7586137178835,0.4956456548961441,50.43553481438581,1008.3044100350447,89.25387170369385
119,93.77979570816943,0.45556338448900785,43.41735248228956,867.997298750795,76.83405801940671
120,118.83061774176196,0.5157687931306534,62.61959177806477,1251.887399960861,110.81553970362388
121,99.44650913210818,0.516650105254147,52.49800087969708,1049.5371170312994,92.90374043739482
122,106.54543495315153,0.427654792119622,46.166833691668465,922.9647743397419,81.6997116506561
123,108.8479712706255,0.48115467474084495,53.35432694250227,1066.6567401052307,94.41914850885526
124,111.52998847537174,0.4324956432642187,48.90054670429354,977.6170130151972,86.53746089633201
125,112.8340094830688,0.4468639587042069,51.19554843155907,1023.4985600465938,90.59883925742133
126,92.82839551456335,0.5002842879733598,47.38947687438508,947.4077889239912,83.86337737108896
127,80.72860489725291,0.4576838762712483,37.55698205505924,750.8370987457411,66.46318057807254
128,107.8902371290981,0.37693821735333144,40.93340658023862,818.3383902739871,72.43831224856312
129,121.95729268623802,0.4743961339199228,58.90404156033911,1177.606326427546,104.24027003191361
130,92.15615626074373,0.42255161021497134,39.43198245534109,788.322002581487,69.78129836520459
131,101.49228697441283,0.45913973816149534,47.373826878566106,947.0949150770225,83.83568216127051
132,98.15299144210438,0.436091484790796,43.410527153277535,867.8608471523714,76.82197949099975
133,111.37572953550489,0.4218922806732799,47.57764238379511,951.169583334477,84.19636680597351
134,102.27720829282784,0.4286300217871942,44.42340333017819,888.1102114100706,78.61442841966728
135,92.25233432116801,0.46891231706227154,44.01914238362973,880.0282490256153,77.89902300578915
136,108.74559610700163,0.5212300478734764,57.9363949221324,1158.2611885946642,102.52786211914221
137,95.63904826344402,0.35193027208316596,33.74308600325257,674.5899007611364,59.71387197746103
138,101.38566364514318,0.4474702778168668,46.06649426555779,920.95879410735,81.52214473681522
139,115.49198960130829,0.3863418678554967,44.971886897205444,899.0754644107702,79.58505918829493
140,89.93668772833789,0.48564764553205175,44.51403793330348,889.9221733604957,78.77482107276455
141,106.9603424785981,0.4067281392565766,43.96744708864202,878.9947595601817,77.80753978382077
142,93.28711346465452,0.46892359863952315,44.51401645753212,889.9217440180678,78.77478306789857
143,96.39228366150095,0.46100519385584915,45.18441511729191,903.3243167796155,79.96116239724914
144,96.76022819941278,0.4623952031806673,45.4998520557897,909.6305145297889,80.5193793001312
145,89.64686121069413,0.45805482307425044,41.74132645281941,834.4902794821849,73.86805770322263
146,126.97298220392369,0.4042740395416996,51.86269216003198,1036.8360604026839,91.7794584571222
147,83.62876110869828,0.4639095145466516,39.4596117622238,788.8743661497248,69.83019291189369
148,106.6214298421021,0.40362776342182083,43.47676516067412,869.1850737163547,76.93919840492306
149,107.34151654773044,0.45396134648980735,49.51325367273707,989.8662166890443,87.62174540634419
150,93.01735838985475,0.6131675252704885,58.646764756917776,1172.4628628667024,103.78497693569854
151,88.43228810038123,0.41423167015505413,37.0565567957549,740.8326247631321,65.57759679164867
152,112.00396932502501,0.4535631735668984,51.61649276429357,1031.9140557608257,91.34376863323844
153,113.9509599432557,0.4223945310912173,48.73856621360593,974.3787080442867,86.25081010562384
154,96.75398985855027,0.47609009201333674,46.90533177853278,937.7287870646619,83.00660397847594
155,102.9859365638338,0.47614478502192675,49.932502013384095,998.2478062236851,88.36367344866213
156,114.5109233410922,0.4630024787548457,53.92073010694086,1077.9802407018444,95.4214909159977
157,96.86772912850678,0.3770535861858884,36.76336104487307,734.9710716001555,65.05873928315626
158,90.1930416297651,0.3685645632543906,33.4163458378658,668.0577295269553,59.13565217847999
159,90.45628235044184,0.40351109343693325,36.873924056609184,737.1814411883943,65.25439849250112
160,111.41305629541459,0.47250718424095106,53.587593953993014,1071.3202012396755,94.8319523780503
161,92.12639951465265,0.3993567286207351,37.14792680642593,742.6592889403556,65.73929086785922
162,88.7464483414209,0.40742162721439845,36.545805087087416,730.6217049785466,64.67373867562752
163,105.30157271410012,0.48438354299177666,51.9773782095876,1039.1288575339524,91.98241405164325
164,94.37492099395202,0.4369993010516361,41.830650607229344,836.2760430146953,74.02613130444618
165,107.10703686904782,0.405139918094612,43.84693389360296,876.5854664601384,77.59427210879355
166,88.79538955308976,0.3842518706334239,34.379131322636624,687.3056834504112,60.83945749059107
167,115.42458174628159,0.45241991957775524,53.05260241924226,1060.6246801986902,93.88519795220871
168,106.39806722963317,0.47052084164735974,50.95083630734131,1018.6062888543504,90.16578140208874
169,112.9079616838009,0.4563112389153708,52.362896094460446,1046.83610967067,92.66465057322576
170,99.83476376021058,0.5453238021135332,55.74572457655207,1114.46542874973,98.65111508574417
171,93.63628951678379,0.4793190354606645,45.71527443129748,913.9372266930307,80.90060418723584
172,93.49163945515528,0.4772102132585984,45.43508972490172,908.3357896085838,80.40477183550176
173,97.69014744044694,0.4573893283144988,45.41733415382806,907.9808212180997,80.37335046823625
174,97.18200321478929,0.4769379831883529,47.20041300081829,943.6280344671924,83.52879813489692
175,120.19955304824666,0.42934492390727985,52.29918887778866,1045.5624785342577,92.55191030459673
176,107.49895907489922,0.47353976349220894,51.822972443121216,1036.0419860288546,91.70916796589795
177,113.03219795431527,0.39636536910596104,45.21833004244677,904.0023420791491,80.02118036651929
178,112.94573521685051,0.4160582897625388,47.547932319258464,950.5756213748197,84.14379002061334
179,120.45361295156411,0.45059671612502816,55.130665584968824,1102.169203559942,97.5626682887189
180,97.14978864438883,0.4272719553270934,42.05610584695376,840.7833316419747,74.42511097454079
181,112.77405128451241,0.5172013266849975,59.59971079326267,1191.514107083863,105.47136974548016
182,101.92724932803522,0.558794954148755,58.373605046989226,1167.0018691213504,103.30157645636773
183,83.42060625278485,0.4451175665433648,37.695115996764564,753.5986648342063,66.70763102667523
184,86.21484380973182,0.47943905269546183,42.10296148834012,841.7200670214796,74.50802964329851
185,115.18932257982071,0.49663593027463165,58.358173815409735,1166.6933687969038,103.27426838540754
186,110.19773955230971,0.3423746085631478,37.760366871513135,754.9031566971311,66.82310304902607
187,81.03464745409742,0.39552144566753833,32.345076489287806,646.6409722251478,57.239867047025264
188,108.34965974084095,0.4906279845071,54.20108629449622,1083.5851060281075,95.91762673149945
189,91.01981678146666,0.45909107260214926,42.4808556320422,849.2749057482524,75.17677471646351
190,97.7383240121001,0.5116792719974868,51.07983417997859,1021.1852071575664,90.39406409239409
191,92.81213517330202,0.5408583453316795,51.38390216099731,1027.264117341427,90.93216177822066
192,112.2457804833227,0.48684674329408795,55.698955215925075,1113.530418290373,98.56834910480576
193,102.70136854082949,0.48156526498153285,50.38625040870964,1007.3191189347893,89.16665494199196
194,121.50930550964192,0.4603905479201242,56.87877299190579,1137.1172697223478,100.65622831137432
195,101.10980506661872,0.4508637497282263,46.30585644695297,925.7441095399034,81.9457349992678
196,93.43794983294123,0.41996787163011806,39.723828575853794,794.1565740091037,70.29776748352218
197,119.56515074311908,0.45540795814192503,55.33547847575781,1106.2638114941012,97.9251179691876
198,86.61564967210721,0.39645110623532753,34.658330289494415,692.8874136847784,61.33354541608722
199,94.80834021956011,0.43033132331919655,41.35079900509004,826.6828764431486,73.17695594640205
200,111.77790059412794,0.41221329914823673,46.59946764868896,931.6139683732757,82.4653277155333
201,102.54354241245842,0.4280528015402858,44.476168963933645,889.1650990286856,78.70780577995315
202,122.79371930219756,0.3853614633019963,47.687173648538995,953.3593262941666,84.39020017141661
203,98.21847397555587,0.4722008738184943,47.20926844904911,943.8050720962538,83.54446928903816
204,95.75507273025713,0.459826334812358,44.76573413971064,894.954069935865,79.22023839603963
205,114.96236598453501,0.4104462151355148,47.71111892185964,953.8380388680998,84.43257522227579
206,108.05182218754105,0.48758062534564317,53.702103091184824,1073.6094615487953,95.03459489740557
207,121.31119579642558,0.4586931918480734,56.56717229043423,1130.887765809678,100.10480025307618
208,89.26557131462839,0.41599103320821545,37.57266774532455,751.1506861940981,66.49093895501207
209,92.1140262298116,0.5102215305607614,47.997745455455316,959.5682606040484,84.93980743366352
210,89.34209332675688,0.48378022295428375,44.04240642249759,880.4933423982151,77.94019250162306
211,99.66857161443205,0.5315775350991514,54.19664348784482,1083.4962856843551,95.90976446343136
212,99.12325506081206,0.44900959932316575,45.2007099673118,903.6500825159438,79.98999878132754
213,106.5276727771301,0.485786320042941,52.74142504846728,1054.4036394897882,93.33451904634487
214,109.5299838403538,0.5180077640488986,57.97914790459884,1159.1159038449673,102.60352046649695
215,116.43148407259451,0.43746813694915154,51.66500291030065,1032.8838679047913,91.4296152166836
216,120.82572247847276,0.4682655773036505,57.570166071368256,1150.9395617562345,101.87976067676449
217,90.1662704080542,0.46239123674298677,42.398775380869125,847.6339619268143,75.0315203787318
218,87.77519837530983,0.432986889682183,38.53104397136034,770.310490461882,68.18694136754266
219,100.93423691458871,0.4235578324806036,43.29592035749909,865.5696344582129,76.61916414891155
220,108.25109662094572,0.45296726419358185,49.81843234473423,995.9673317452408,88.16180864027997
221,113.62927415897995,0.35844631703421537,40.87734836987447,817.2176776467321,72.3391081391154
222,91.66680094573005,0.4648917890491393,43.34800921466537,866.6109919968558,76.71134384308593
223,109.95784596122705,0.48059129641057335,53.83251150275903,1076.2165792680748,95.26537376549058
224,98.92818572664699,0.45182255073851957,45.407548363536044,907.7851842422368,80.3560329226911
225,87.7599678161683,0.48769351687381524,43.627516994766786,872.1988960084333,77.20597826378092
226,88.90011089157238,0.3162834021024642,27.99705282976339,559.7155247808058,49.54533287979511
227,96.4428353827553,0.4727595078918758,46.41306408120055,927.8873986078014,82.13545632309247
228,98.88878321118843,0.35885279144722326,35.617283411915935,712.058751233056,63.030568740484576
229,98.9463954009462,0.4120601541627748,41.23399132094583,824.3476637110534,72.97024577483391
230,107.14406961854067,0.4432821379957845,48.20596392613209,963.7309527021257,85.30828384095291
231,84.81028990126696,0.46845657341788205,40.427011054102245,808.2145590485535,71.5421631051578
232,73.55312458459792,0.4693886372088532,35.13386311599219,702.3942395336317,62.175077999083086
233,108.40342415647119,0.4490269461559442,49.43451320014705,988.2920415354953,87.48240134933552
234,95.20166184363448,0.4661411420778812,45.146022685620046,902.5567774185444,79.893220752862
235,77.46167259403146,0.4192319060714678,32.871142854165775,657.1580617658791,58.1708269349544
236,101.27609090747207,0.4268104697836164,43.79270208324507,875.5012671203418,77.498300110841
237,100.54552318537453,0.4652561573167112,47.58557960131607,951.3282637461996,84.21041300171441
238,104.82450313579838,0.47519073276814316,50.7176258444309,1013.9439582359822,89.75307760479248
239,112.13518727938975,0.4799274793922833,54.8193601579415,1095.9456027575577,97.01176276651485
240,116.78259644791088,0.4916115693629653,58.54169173584301,1170.3622488667659,103.59903315663404
241,92.2340040392966,0.45428489406084366,42.57635488202949,851.1841214484845,75.34577615240612
242,108.25084506735527,0.45085193784409766,49.57492173738435,991.0990812114691,87.73087706422191
243,98.11289337803025,0.5149073347273244,51.61223486831113,1031.8289321408943,91.33623359463631
244,107.40948248637845,0.45077413979205216,49.18072642812412,983.2183504884779,87.03328443060765
245,97.47857696270073,0.4794767892271655,47.60750803704813,951.7666558151084,84.24921893084145
246,103.18964223972345,0.45400699421643065,47.60313186939967,951.6791677146009,84.24147459131405
247,91.17347696240112,0.4948977115454106,46.02261433150777,920.081548903596,81.44449206556904
248,114.157724054593,0.440353306256613,51.00614024349304,1019.7119220734548,90.26365070079177
249,97.34272643294497,0.49963794342318535,49.62719506112189,992.1441265955564,87.82338320195925
250,89.71389403457403,0.5432081781221589,49.892690316830254,997.4518929979416,88.29322018451812
251,80.65496707756088,0.450773349252783,36.930283058964555,738.3081672324273,65.35413490223858
252,102.54977952707812,0.4054491937847481,42.015018964196344,839.9619249644929,74.35240106126572
253,110.64061514305237,0.48763112982093443,54.99468097728398,1099.4506068378068,97.32202143580759
254,106.95070198063009,0.4512466001680134,49.02436927586005,980.0924669869232,86.75658505070635
255,99.25100990269526,0.44729761763622483,45.078358927945416,901.204047334211,79.77347874221998
256,112.75199206814536,0.45786653879463396,52.476960575126306,1049.1164804312264,92.86650620062747
257,117.4610650301999,0.4904097845126195,58.73175413422527,1174.1619657762021,103.93537944468943
258,94.04063475227906,0.43951794707066966,41.93424110597235,838.3470185105377,74.20945151942074
259,96.66412857353859,0.42753259647302894,41.87264381736489,837.115568938769,74.10044511124248
260,92.50340985018495,0.4536503514230593,42.63832503121173,852.4230252281498,75.45544239793968
261,100.59505110826869,0.5687800510743254,58.678313440710106,1173.093582400374,103.84080745650068
262,112.01142205400724,0.42574425216192335,48.30781321736474,965.7671180741548,85.48852270639264
263,114.38357123332256,0.383924762328789,44.246400909231525,884.5715888439727,78.30119388317316
264,94.66224530205713,0.44409676854211966,42.672143213800894,853.0991164556845,75.51528916552475
265,93.58588210936412,0.4592680905695316,43.696100912463514,873.5700218808087,77.32734864705472
266,99.09403229379281,0.5105300630568995,51.667306451569544,1032.9299201738643,91.43369170715076
267,96.73319587699359,0.5330636377389057,52.75327951398857,1054.6406333059088,93.35549744874804
268,85.52758432871255,0.4929213444033335,42.993006127024046,859.5137899911243,76.0831082120896
269,84.947302223082,0.472550673168496,40.861988525620156,816.9106044937245,72.31192639962342
270,91.98812777423498,0.4733719318505004,44.329119043702796,886.2252851928705,78.44757705902008
271,90.75709592962524,0.472414392240786,43.64351232625438,872.5186737869038,77.23428460116202
272,112.57723673952205,0.4148493424101855,47.24813764557404,944.5821429137803,83.61325464627944
273,109.61319409838623,0.4780959154826161,53.37304049688981,1067.0308604449044,94.45226518321138
274,94.66126331640807,0.45812736869864545,44.08342922460404,881.3134679788825,78.01278901377684
275,129.2263166921594,0.4133539612426847,54.03027590100188,1080.170274130835,95.61534999342763
276,70.90519766347877,0.5152227942978792,37.32341636601979,746.1676664663361,66.0498481504373
277,104.50072372849026,0.4631748680291371,49.22629086662733,984.1292722116765,87.11391810611806
278,100.6163822973224,0.46440629888907753,47.52822498337749,950.1816334107393,84.10891468847271
279,103.98440403423518,0.47185793498761636,49.94279132422138,998.4535095543158,88.38188205560505
280,88.1921188042387,0.520838926431568,46.94945376449853,938.6108713568676,83.0846849999064
281,92.74798282657267,0.4531240743081328,42.69917538871799,853.6395421948395,75.56312699020137
282,114.1295898540343,0.44559292336785505,51.629194078181065,1032.167979722436,91.36624567138934
283,102.48123724949087,0.4687990895175873,48.88763389690408,977.3588608872453,86.51460958607397
284,95.22515568399365,0.5096258458493748,49.558564411047826,990.7720664520897,87.70193011815246
285,85.55464384941575,0.422927199383693,36.64146794272362,732.5341914738227,64.84302963834232
286,98.84395462101952,0.3857509317092316,38.427156139947805,768.2335707078287,68.00309497411006
287,91.3874668442983,0.5068342698143796,47.29012616000191,945.4215749615271,83.68756014325822
288,106.35921896148953,0.45936326648651477,49.6708480695945,993.0168351157738,87.90063429153398
289,81.32127749502206,0.5073767976902506,42.12808653231728,842.2223655048352,74.55249248997873
290,113.0731998244669,0.4737321858458197,54.533322828376406,1090.227160355855,96.50557324737073
291,108.18113701688148,0.3597216485848747,39.06406697827508,780.9666568037321,69.13021216360679
292,103.98845208820076,0.44601222423195147,47.087958937640444,941.379859083589,83.32979240283971
293,113.85488503073505,0.3826491429691673,43.8875175162087,877.3968119886268,77.66609142147965
294,88.59448618357251,0.47092879316663516,42.46365299317229,848.9309915476673,75.14633185255197
295,101.43798971905065,0.4446230476107788,45.783278420508225,915.2967586673325,81.02094829284894
296,103.32287832164336,0.4705413338941082,49.480471323141835,989.210833777178,87.56373171350467
297,91.19731421711352,0.44601362376783776,41.296022860891455,825.5877948114497,73.0800206612957
298,107.00184143741562,0.49532388230839103,54.06093822935721,1080.7832736958521,95.66961196430262
299,93.7275530752636,0.47899586314957787,45.7276351240205,914.1843409752443,80.92247844090501
300,102.1777044217169,0.45046367294472134,46.75147740054459,934.6529388873873,82.73433366421145
301,108.81610162768764,0.4371224368721627,48.24578813974275,964.5271161681737,85.37875925606227
302,90.24863798546617,0.44129607435873497,40.413899765624485,807.9524388977109,71.51896055037234
303,101.72715994713025,0.43909339751184523,45.31588125156645,905.952580432358,80.193813077471
304,94.03200902156522,0.4661383230921736,44.59107442800728,891.4622826828088,78.91114966410595
305,103.78968274638422,0.511629073593649,54.23684691452339,1084.3000303569897,95.98091095766453
306,113.34682179159975,0.4781886443111156,55.202196655683146,1103.5992487517142,97.68925413799877
307,94.59755479250069,0.40757788685169044,38.97100381357825,779.1061431852888,68.96552177630822
308,89.00660308322614,0.4445004257992899,40.16086406013806,802.8937631311655,71.07117276588558
309,98.46660374706899,0.505841788774832,50.84948012229866,1016.5799816338767,89.98641516815337
310,111.96102402160457,0.4450063650250705,50.57838843952675,1011.1603317725499,89.5066743988107
311,101.1892655342185,0.41925530074176204,42.94254957770241,858.5050654602277,75.99381715180166
312,103.63843128836034,0.47994488572797434,50.66748133073067,1012.9414719038937,89.66433874222434
313,106.82326165079506,0.39893046699411394,43.02571048381186,860.1676136751174,76.14098388398705
314,92.79848257549425,0.4568863159950485,43.09352379075083,861.5233335400354,76.26099054634544
315,111.8304129290677,0.4103025602079706,46.39423519911741,927.5109726432441,82.1021355576449
316,98.99023478144537,0.45122031452346745,45.372661752983376,907.0877330622129,80.29429539826702
317,109.76910154868612,0.5154347690810523,57.80551602679411,1155.6446649901106,102.29625065361029
318,110.57251611728468,0.50208338566869,56.65941000396088,1132.7317770541856,100.26802987044115
319,94.49261604560718,0.3879853723896614,36.95992825639461,738.9008323724935,65.40659689471651
320,99.7950215983512,0.44841108396269114,45.44355163374768,908.5049596201261,80.41974655777415
321,93.81027242324114,0.441254509710259,42.00467720603559,839.7551731098852,74.33409964026428
322,99.79729764752908,0.3688739090672585,37.00751843605675,739.8522526004001,65.4908154482731
323,105.87750905192044,0.4910382673005814,53.010585044555945,1059.78467117826,93.81084138231449
324,82.31716761579264,0.4957368570217353,41.62554273008989,832.1755377298052,73.66315959771212
325,80.51519111211805,0.4431275605724902,36.21194345694978,723.9471618167034,64.0829162879448
326,114.93821580969312,0.41637481090057604,48.425397062942935,968.1178477825182,85.69660642169944
327,85.45711308997173,0.3530993161969064,30.25691532146182,604.8945701669245,53.54452665546039
328,102.61546172287393,0.43107915905930944,44.83745505051209,896.3879104001127,79.3471601981917
329,105.11006163909414,0.42862796439470296,45.65360387434609,912.7043123446007,80.79146811882117
330,113.27526647545352,0.42748074619553095,49.0619580239322,980.8439391501178,86.82310444641178
331,104.36266872084333,0.5286504599818994,56.42444669408541,1128.0344036166723,99.85222412570423
332,114.84840984044536,0.4623999052598384,54.00608591906475,1079.6866693558359,95.5725418909206
333,108.28904871098773,0.39872031172179817,43.59190293780002,871.4869017601126,77.14295340475925
334,97.4331496911816,0.44113095629633664,43.61406835077745,871.9300314649455,77.18217870361704
335,92.53104712769601,0.48195176971164266,45.43460987873149,908.3261965506067,80.40392266975637
336,95.34446485554041,0.5204737178204455,50.72002423453775,1013.9919067177545,89.75732194568586
337,105.58528656808976,0.4311368771544171,46.14158693990077,922.4600426809994,81.65503342227005
338,102.82630741445473,0.41236451512358924,42.88413504530364,857.3372453737634,75.89044314774802
339,107.27561352082613,0.4917329256396273,53.78979487241207,1075.3625907673245,95.18977974911634
340,98.2998762730027,0.4066343463375285,40.397649243061565,807.6275593534399,71.49020261092971
341,110.02935620692398,0.4316624147987188,48.1451429367461,962.5150228612647,85.20065122035064
342,98.45415798618156,0.4567794194630708,45.7087053241176,913.805897467241,80.88897908498208
343,108.25623245693714,0.36272425319643187,39.43668837442933,788.4160830544592,69.7896262534702
344,102.13283361259624,0.47770339408483203,49.6880788605301,993.3613121308921,87.9311269750988
345,94.71284600376097,0.4049126523670972,38.75018364003408,774.6915185435813,68.57474460874903
346,92.36181404222319,0.4378178048368948,41.018718530904735,820.0439420521511,72.58928560351151
347,107.13509386815339,0.4706357221351881,51.31685840911614,1025.9237823784715,90.81351696854513
348,105.04567862758059,0.44150358690059194,47.06327628606725,940.8864048845961,83.28611244138142
349,86.99295833726036,0.43280903126684933,38.17121477279107,763.116805114596,67.55016514929613
350,88.4335013530718,0.4542249489838169,40.81636119632005,815.9984254612084,72.23118142863181
351,91.32201034402969,0.4161354518981705,38.45225960446599,768.7354377758394,68.04751963243221
352,110.35553061129478,0.44177027681844344,49.47351476867773,989.0717587268068,87.55142096034375
353,96.45971403747538,0.44561199944243013,43.63776759899548,872.4038255186955,77.22411837309237
354,87.78079150269832,0.39914989550227026,35.37635833902492,707.242190560545,62.60421268765088
355,112.76628334889176,0.4495079073070107,51.481728715956535,1029.2198603933632,91.1052817583632
356,97.46681811241272,0.4929828302477368,49.00099009996848,979.6250718013421,86.7152118012059
357,102.18350197804834,0.393950725493105,40.616065793066866,811.9941308868931,71.87672617618745
358,101.43565326662996,0.398812988644647,40.84305162527024,816.532019033979,72.2784144783061
359,79.9763624503973,0.460134067571213,37.415307945198755,748.0047578121943,66.21246522684729
360,98.81264082196712,0.47006334076481027,47.27035208134332,945.0262526795444,83.65256669893077
361,93.16405776674844,0.4682449838861184,44.38809690946169,887.4043674085742,78.55194797296349
362,96.41849420554985,0.4237185211750132,41.37535277910944,827.1737541292459,73.22040783809378
363,96.35119321526905,0.42989412316615155,41.97894117664239,839.2406598400358,74.28855555564068
364,85.70233514347356,0.500273993689097,43.75064069710618,874.6603782253968,77.42386565553214
365,83.55593322356876,0.40364239935003593,34.07270270176584,681.1795794857749,60.297182269079215
366,101.1669529345252,0.49908580496420746,51.517486269571734,1029.9347234187076,91.16856055801416
367,91.27546486400519,0.5174532708921421,48.26241342346957,964.8594879168134,85.40818039626137
368,119.72584934021415,0.5020010281950797,61.33926709557019,1226.2912200375783,108.54979719943515
369,88.695907656065,0.45554247568002393,41.06168707824122,820.9029668633608,72.66532542792062
370,92.29302095236001,0.46097279677445446,43.2596849193511,864.8452175918383,76.55503965495129
371,106.87029353895566,0.4094384734058165,44.238312041073975,884.4098766411487,78.28687931699638
372,113.655641541789,0.4276114524668621,49.24249694930022,984.4532633161349,87.14259740195637
373,102.34394387965409,0.4039272665530898,41.765126086286585,834.9660804322589,73.91017502070311
374,109.81810718120595,0.490269109045091,54.89377489490224,1097.4332980447248,97.14345173164631
375,95.39800240698578,0.5001197398291763,48.68459193863218,973.2996573375824,86.1552938583681
376,101.61321351625999,0.4571922719105112,47.21993162553313,944.0182497281235,83.56333951197446
377,118.94252468517945,0.49018438497698685,59.44400278136817,1188.4012011605134,105.19581912491047
378,92.11713861661632,0.501057025688256,47.102037327617175,941.661313473871,83.35470640082549
379,110.23410280795926,0.4350423327285789,48.63076017820727,972.2234557738208,86.06002981375684
380,95.4702161990904,0.5144471635420358,50.17535884607267,1003.1029865307488,88.79344806425655
381,92.41100697983028,0.4201800523297125,39.30807994157091,785.8449504096665,69.5620327401149
382,109.7909861378095,0.4643946902573731,51.860683756126065,1036.7959085033744,91.7759042601615
383,104.13865682979726,0.38192211462297104,40.061737769808815,800.9120358419194,70.89575269287417
384,100.6606140275249,0.42228583008353293,43.04245181843216,860.5023055067726,76.17061039509375
385,85.11807996440818,0.4643925250056705,40.206035798275856,803.7968340104753,71.15111149430834
386,101.54821468608408,0.4081962309893479,41.90118431636372,837.6861490091703,74.15095216039693
387,114.41280274288732,0.49046414275679595,57.214201916278576,1143.8231461434682,101.24982428080057
388,111.53673313295027,0.40542134017624326,45.69370446745503,913.5060011742238,80.86243263234836
389,96.85190484732118,0.47284621890068085,46.61885512695358,932.0015617616599,82.4996370076635
390,95.7376148302572,0.45777355102964584,44.54867730798276,890.6146818146741,78.83612107314917
391,102.54659221720934,0.43724235333965117,45.47914696393493,909.2165794837113,80.48273827671747
392,89.29540896809122,0.44461334381338624,40.301894333678845,805.7132325247777,71.32074874415707
393,111.85973006205887,0.43756284806619683,49.647605727709696,992.5521755080539,87.85950319203607
394,88.50161247131938,0.4850374984883486,43.746352546606715,874.5746497588422,77.41627707664756
395,119.62224425667158,0.4608970392673318,56.05983559022118,1120.7451186843912,99.20698554925599
396,103.56144560298833,0.47400802473085774,49.97632584660385,999.1239298627571,88.44122684037605
397,98.97649739814311,0.43724399136232106,43.89599152366456,877.5662238749062,77.6810875542076
398,119.37092566533481,0.4966069278461171,60.47301249521942,1208.9731061926216,107.01681896797625
399,94.36664443964666,0.4700753648655453,45.14466616423379,902.5296579183528,79.89082016791298
400,95.682164535789,0.45270645449984054,44.00753632562886,879.7962213588428,77.87848420084521
401,104.26396912561445,0.43457255640256487,45.9449194526829,918.5282772025114,81.30699835657616
402,98.22616619779129,0.3666914095583351,36.197032328468914,723.64905936451,64.05652862390421
403,97.61294867221206,0.5069478881101916,50.52340477055931,1010.061101317201,89.40937186491512
404,103.67981241683545,0.46478693362468815,49.01724685763936,979.9500759975449,86.74398077468489
405,86.29395727876593,0.41221329612302443,35.97537991050621,719.2177965386229,63.66427866465499
406,98.44954086566918,0.45469502012598745,45.48844084608449,909.4023822593183,80.49918531089799
407,103.0324651927792,0.44055591622759915,46.057517857501566,920.7793382561791,81.50625952461397
408,88.29520462589211,0.48712027380084705,43.83979608859326,876.4427678589293,77.58164060334951
409,104.05000638770157,0.48581210314879536,51.51759386490313,1029.9368744585952,91.16875096543106
410,98.79678684501421,0.4573758072625105,45.93040433809552,918.2380918380757,81.28131150344942
411,103.85854672125816,0.4873156470354437,51.588779720669244,1031.3600181323015,91.29472590078268
412,97.35851061909747,0.475380022297094,47.12491574886954,942.1186976005248,83.39519348364827
413,82.38041679475188,0.4955460527960588,41.6408184889864,832.4809298530109,73.69019253450448
414,106.82953746185423,0.4234974818321283,45.817867082429,915.9882532748603,81.08215854876951
415,94.37435923191305,0.46488539775270304,44.62773633561449,892.1952255029195,78.97602886505086
416,93.01635503867215,0.4920901647020028,46.675283131576,933.1296672951823,82.59949552812137
417,111.92210495987436,0.43944993299348045,49.89978680474978,997.5937655901795,88.30577857265948
418,88.25447860285588,0.3767379715931084,33.4648423477787,669.0272690588835,59.2214746306414
419,101.08907279287759,0.5239794539867405,54.15265275316785,1082.6168253606231,95.83191571247711
420,106.55762587616096,0.4507183905726209,48.78436343603264,975.2942835707514,86.33185573010077
421,108.89531016267213,0.5148848902491673,57.28172153327279,1145.1729945753266,101.3693112110941
422,105.59389534237654,0.5133465251485482,55.37242914972463,1107.002527315231,97.99050818911365
423,94.19645560027004,0.459329230811393,43.98730482995979,879.3917544213988,77.84268128281398
424,106.18673907290662,0.4155000798201618,44.63952357480576,892.4308753339847,78.99688829954263
425,104.26145955319521,0.4752843687534147,50.45558333119277,1008.7052188692429,89.28935081090512
426,82.41724606040319,0.35758065776965775,29.573201675844647,591.2258049478376,52.334584295722124
427,96.11654791675275,0.5060372226347725,49.65584608705414,992.7169163142702,87.87408584647658
428,97.5237643287087,0.38491492447445386,37.827250313005074,756.2402867436911,66.9414641634267
429,103.62528337360038,0.3997363208164465,41.826407155455676,836.1912081625834,74.01862182721784
430,90.42884458834499,0.4484149798466964,41.178860152929275,823.2454844629091,72.87268221741088
431,96.66657575375494,0.403833014141362,39.43858751943885,788.4540506559813,69.79298709906544
432,98.76506221084355,0.37300254674592714,37.05816166023353,740.8647091246298,65.58043686004103
433,97.75423729373072,0.4654703526517251,46.28679268754107,925.3629879208383,81.91199858023305
434,95.77493163169895,0.5003878303616908,48.90424278230349,977.6909048014345,86.54400170676897
435,89.78231775627536,0.4043929870030731,36.68334747278246,733.3714447121183,64.91714226977645
436,94.08301078298791,0.3956250907590081,37.5637111652217,750.9716267422696,66.4750888315952
437,88.78293966401789,0.43770275062174163,39.41845036771301,788.0514698374091,69.75735113796719
438,85.44063449253845,0.4634270463620766,40.270714490144655,805.0898868250557,71.26557094610688
439,72.64652473154663,0.4765863211699454,35.25660020510027,704.8479926003531,62.39228121591925
440,109.88291220406128,0.3936309505341278,43.639091129104514,872.4302854591057,77.22646057461718
441,100.02460710457808,0.5200137768460382,53.16080099479289,1062.7877801100665,94.07667290763963
442,87.52102518015214,0.4930018417389982,44.00255750541794,879.6966850617873,77.86967336971243
443,85.6447172050855,0.3722678445521258,32.06832475245731,641.108166877529,56.750109892595354
444,100.29026983302991,0.5212518578866557,53.433975427041105,1068.2490681832153,94.56009944050662
445,91.26262516859083,0.3780656507692013,34.7342806886662,694.4058098455544,61.46795198495721
446,97.06086580872652,0.4518579022350567,44.55410490781779,890.7231900890428,78.84572609272749
447,108.39669821954796,0.45918416314710736,50.60173596456389,1011.6270941960076,89.54799163698281
448,127.82973660292798,0.40740733173758925,52.63836859487583,1052.3433405949465,93.15214391101736
449,86.33040403948914,0.42278489904141237,36.960653778964684,738.9153369794075,65.40788082475959
450,110.44708006891744,0.3929572493069,43.78405524711139,875.3284000527372,77.48299812969303
451,75.25793119623471,0.4582914767343866,35.06049085881438,700.9273854443693,62.045233871270035
452,91.07582642476623,0.394103014750311,36.21571134819418,724.0224892891343,64.0895841835656
453,92.73402687085135,0.5094301728235717,48.24280484484112,964.4674743022388,85.3734798311214
454,97.8970671194832,0.4974668685344958,49.683892513021895,993.2776189040829,87.92371855314435
455,111.43823814476232,0.44706855890926106,50.58648785275371,1011.322254791816,89.52100762620078
456,101.12854252491371,0.5283709715564429,54.6458497188323,1092.4767916983553,96.70470785912667
457,98.25591545593475,0.4581040381315881,45.75500991875099,914.7316163506744,80.9709225869973
458,99.88151920185156,0.44228389548032115,44.83243730341239,896.2875958788592,79.33828047960586
459,88.96912899717162,0.46055086339098217,41.66180547921729,832.9005005957632,73.72733242288693
460,107.05844678470828,0.37884854517448846,40.83521245464813,816.3752987704112,72.26454179247963
461,116.26506830889412,0.3996158015227138,46.91332599401989,937.8886069765571,83.02075104137681
462,91.51243714483354,0.41917293257407096,38.82789955580734,776.2452108141695,68.71227554603938
463,90.42402504535282,0.42260478674688284,38.69594528080258,773.6071882790674,68.47876102150083
464,117.1691570688534,0.551799619320842,66.23141276079951,1324.0947243909727,117.20724364403232
465,111.68856250747736,0.4303257632992614,48.712473068322616,973.8570553334018,86.20463404642206
466,109.48578604793506,0.4872438841343108,54.37559941596015,1087.073962657241,96.22645604819208
467,102.93111078067112,0.42998445406960273,44.85560720683594,896.7508073008859,79.3792833874795
468,85.01457085499631,0.5090346386511493,44.19118828460422,883.4677811197918,78.20348617504544
469,103.65709554842029,0.39072616648930475,40.84651112040969,816.6011810686125,72.28453661692268
470,113.99990685927467,0.36252280379351753,41.50464256976893,829.7585084413444,73.44920712475918
471,128.83099997969765,0.5007097003775097,65.82728677675959,1316.0154601694899,116.4920770682366
472,102.69451793716694,0.4817258158693603,50.400414625689905,1007.6022891737578,89.1917208248024
473,90.297179711382,0.4306526398745354,39.41408930878439,787.9642837895891,69.74963353577382
474,93.86849593383079,0.47896075314316694,45.79289497258427,915.489012242184,81.03796634387957
475,120.26499590141262,0.4761122418559242,58.30605537562378,1165.6514198441719,103.18203633998218
476,101.19452384845741,0.5156955629688483,53.31810849109868,1065.9326628369063,94.35505407569856
477,103.89640894817428,0.4844982930437181,51.2964547298034,1025.515873155189,90.77740934358657
478,112.5858387116166,0.35388041710089413,39.955576943759084,798.7896745053569,70.70788386620123
479,101.27635888519225,0.4788144523904945,49.39100461523457,987.4222203230687,87.40540584071093
480,93.57043828225113,0.520600455023499,49.788907292562875,995.3770685425118,88.10955926435395
481,107.13778571908827,0.43260498153645627,46.98722799583464,939.3660516911708,83.1515326383777
482,84.48920856955688,0.493025425592502,42.48038248468145,849.2654466125024,75.17593740534966
483,84.9348978937215,0.42844688513145046,36.87435638142894,737.1900842021727,65.2551635614974
484,75.56852336018231,0.5254409971588413,40.59888371704054,811.6506277775346,71.84631970156791
485,117.15415312168746,0.4631158889203574,55.179492667121814,1103.145351873729,97.64907574215799
486,99.68079108753504,0.4404963314046417,44.55294107549,890.6999228178028,78.8436665023682
487,105.09436484614154,0.39753416785319307,42.17337752789957,843.12782057235,74.63264226382194
488,96.3251496632405,0.4649999129263608,45.56195069383577,910.8719870516817,80.62927292758131
489,101.81251382273545,0.3391154070725546,34.53437690648631,690.4093445379795,61.11418976961774
490,106.72290735669704,0.44719187968523,48.459990857972016,968.8094450108621,85.75782576148899
491,120.26643591426016,0.45389946290907773,55.467200201091096,1108.8971849090908,98.15822095930666
492,103.15477607573453,0.40248372520457787,41.93773706004572,838.4169094301528,74.21563817804338
493,103.45534915844658,0.5452868294322264,57.76332094732606,1154.8011033055564,102.22157960623807
494,98.90834815019589,0.43204403279787423,43.31908444853622,866.0327296793334,76.66015677082326
495,96.84757070085828,0.48334713021550074,47.69775079994207,953.5707841173974,84.40891815899808
496,96.04125904476572,0.42011389877477895,40.845495960501395,816.5808860481238,72.28274012656036
497,86.23255031914178,0.4366759557637013,38.191996515911846,763.5322725685254,67.5869418195765
498,103.52358619149727,0.4470380989743507,46.990343799133015,939.4283426576117,83.15704655845153
499,86.23420758539865,0.3829743823898059,33.27041692090177,665.1403267261726,58.87740725492559
500,97.80001105711823,0.49449325315816295,49.32551594961345,986.1129745582303,87.28951300878389
501,106.35461939811732,0.47270492925284,51.17693500248451,1023.1264414066146,90.56589977107109
502,97.05332640808315,0.41773890231061883,41.030913596030175,820.2877451166354,72.61086675224188
503,92.89833658603999,0.41827404689001846,39.327164606157744,786.2264899638275,69.59580615425259
504,99.9627873594109,0.44983461992608254,45.67120186159034,913.0561303279217,80.82261061590228
505,103.95756717462739,0.5050479009863472,53.59736367952828,1071.5155170498138,94.84924149439878
506,120.14381997896564,0.4043859696461131,49.08758369430566,981.3562461285757,86.86845323282301
507,81.48385513707781,0.4241010454679379,34.99969286740131,699.7119153777053,61.93764194931668
508,104.96472025138455,0.41421313232119594,43.98221848800635,879.2900685556403,77.83368017449178
509,106.11074574485919,0.4861529461476185,52.576357086401984,1051.1036099626212,93.04240447349883
510,97.07847023734381,0.46522881181921355,45.941891961096374,918.4677517589074,81.30164071842198
511,94.89316006016075,0.49460405554265724,47.870619268506374,957.0267609371311,84.71483699522406
512,80.7697756282702,0.49839855892031265,41.07158191420222,821.10078387418,72.68283594749066
513,105.27509695333015,0.4841068095535307,51.93334329554494,1038.2485139787955,91.9044871181248
514,104.04683875141795,0.4339071420610582,45.775648031555235,915.1442123552949,81.00744508010092
515,112.87758955731395,0.5196640762343662,59.949911260328676,1198.5152953658653,106.09110635922116
516,98.68594219908402,0.4490856215604092,45.00926748274722,899.8227750002221,79.65121020658854
517,99.24222915490508,0.4358516289094338,43.866967103178766,876.9859692730217,77.62972412737275
518,88.67080857904,0.4984852038666311,45.097438265264636,901.5854803859335,79.80724272889222
519,112.15419890160288,0.46315707237238635,52.82942861341905,1056.1630018712171,93.490255650003
520,115.83030041712111,0.4888452907724806,57.72373605370847,1154.0097243115144,102.15152770673207
521,108.22250957837022,0.50941028410238,56.298053953042846,1125.5075669595685,99.62855163893856
522,101.61176339474271,0.4257469847721419,43.82298747321127,876.1067309540246,77.55189502800582
523,95.10746855028077,0.424368669286413,40.87848692270027,817.2404395315724,72.34112299328945
524,93.78272542232558,0.4932094657686422,47.171421551260586,943.0484390182709,83.47749305547524
525,100.17057215540255,0.3862344447446554,38.99438124265338,779.5735034486129,69.00689193453324
526,113.21514449618394,0.4861236148431748,56.0929553651718,1121.4072473852164,99.26559637107391
527,103.28573427259798,0.45880550994104957,48.174265834527105,963.0972462157639,85.25218891875619
528,80.16495023371502,0.4265671982661614,34.643323996245506,692.5874087038292,61.30698934253085
529,118.03365054580098,0.4509180126949776,54.06337810834398,1080.8320516210067,95.67392972650856
530,105.59616958496201,0.43322413882272565,46.3806188772581,927.238755893095,82.07803926425214
531,98.35885170092075,0.52270317978089,52.556661893760484,1050.70986476551,93.00755063079305
532,95.99757054167387,0.44796220309189483,43.6685074197325,873.018374307102,77.27851747932478
533,98.60379912550671,0.46606485702052136,46.751370704293535,934.6508058218639,82.73414484786326
534,94.26894930224624,0.5243999290812584,50.541296069959344,1010.4187831808455,89.44103342550211
535,99.64465492167288,0.43946657904912695,44.42772376756471,888.1965853542777,78.62207413544326
536,101.06698570621124,0.445089739099263,45.6659636324429,912.9514079418188,80.81334071851741
537,116.84153784815696,0.4443251898600123,52.69856263919538,1053.5467365848697,93.25866705048237
538,90.11671148098061,0.40827222546045755,37.19155624776606,743.5315263077697,65.81650025156472
539,119.00842981298283,0.47998817670781285,58.18714991765911,1163.274268534401,102.97161381687214
540,116.41700048694278,0.4133991658038959,48.68021989472262,973.2122516786337,86.14755681646653
541,89.32336047684575,0.45865485823100616,41.64766797054404,832.6178643077848,73.70231380476429
542,97.58130563222215,0.45288978708840866,44.90003254564369,897.6389562062559,79.45790124104113
543,88.9221027142604,0.3894799977886771,34.92234089522688,698.1654990473261,61.80075506934423
544,118.94694255395976,0.47939802105765966,58.08247238536165,1161.1815611241284,102.78636991944303
545,108.52899915103146,0.5151736544208446,57.12234387781993,1141.9867253418274,101.08726656014363
546,91.2599199301937,0.4019192486592465,37.04710889927995,740.6437429416881,65.56087720410096
547,110.51251955329897,0.4252936791477415,47.60844562249497,951.7853999712736,84.2508781405929
548,101.01748673119161,0.4375549983660052,44.83456261371244,896.330084964305,79.34204156142148
549,91.11425106063902,0.4641734503211295,43.01714632975093,859.9963995829177,76.12582822219784
550,105.45903930647827,0.4786525982936175,51.41269386847895,1027.8397195578607,90.98311338159225
551,99.77889838086453,0.39928877707608856,40.226420434606105,804.2043625275098,71.18718541961601
552,113.20905014057035,0.4817137681081233,55.559286909379466,1110.7381772652636,98.32118334837288
553,109.70028837730652,0.50147391167586,56.14139770088398,1122.3757038695335,99.351322953187
554,102.47660457678987,0.43466862926760585,45.167764829778825,902.9914451566699,79.93169700878857
555,99.19622701768525,0.3993807964529112,40.00121557301575,799.7020794459768,70.78864883430157
556,108.89235481155863,0.44299241928278305,48.95901424653527,978.785892871497,86.64092870991382
557,114.59256469822476,0.49445660785308054,57.79039065891198,1155.3422794757096,102.26948385814774
558,98.55791762103253,0.3596554019186114,35.58219506997576,711.3572670503404,62.96847421960066
559,109.49174991096652,0.43376668126001056,48.154802281049825,962.7081319359546,85.21774499917939
560,94.72969736538911,0.4048045542770822,38.74619363466353,774.6117505778802,68.56768364610136
561,94.45015205485157,0.47050909644443073,45.22815971648627,904.1988563764535,80.03857557148415
562,100.48905815750966,0.3916744943594626,39.69942589216734,793.6687169125487,70.25458297071802
563,95.95443390016614,0.47222280987709525,46.12328201371081,922.0940916135502,81.62263988188792
564,83.77416919678294,0.51156425818545,43.77167021292409,875.0807991373222,77.46108079984876
565,111.28535355645046,0.4843655757686902,54.928876784506144,1098.1350530715808,97.2055702273219
566,91.5265183070942,0.36726924125016486,33.784379854138955,675.4154451339541,59.7869481544606
567,104.15911856505515,0.40384898011995807,42.49720602826341,849.6017819611516,75.20570939856816
568,103.48425256952291,0.4940830747435717,52.14724983599042,1042.524921651685,92.28302948885143
569,109.80131114702071,0.465813941853547,52.031202533100675,1040.204910419386,92.07766493543095
570,91.67384278842322,0.48585104616669894,45.393660256280235,907.5075339735401,80.33145566088989
571,102.16057771862637,0.4725618202183834,49.14325787298382,982.4692812156994,86.9669777358195
572,85.61397126137375,0.479789297805821,41.84139852108289,836.4909147113489,74.04515148392274
573,103.08946743666941,0.4722861369747466,49.55988200437408,990.7984077046686,87.7042618135758
574,114.6096099541436,0.4859816662528494,56.76655720134033,1134.8738578715736,100.45764424141018
575,101.15795555135219,0.47233223067113744,48.636270923336426,972.3336262842905,86.06978197243942
576,106.85719429583416,0.41035448115684753,44.336930949433246,886.3814603782388,78.46140149519177
577,102.17133377670018,0.5625433298028308,58.92046730187857,1177.9347089398616,104.26933804979814
578,104.14667621612612,0.4295167518749259,45.33355501976782,906.3059134243638,80.22508968126576
579,101.29007012602312,0.4776345389761815,49.27065746703623,985.0162468222401,87.19243201254133
580,96.42096963437925,0.43235919893638747,42.2619832048282,844.8992203429694,74.78944440243139
581,92.00642154880488,0.4712077220583945,44.1262838879471,882.1702160276225,78.08862730196003
582,109.05093863236112,0.44727405319848257,49.52661198400077,990.1332753056998,87.64538510807624
583,105.99335285293773,0.5156360597624889,55.83984669328786,1116.3471128785056,98.81767946069395
584,113.1328648912727,0.4846287379214989,55.872427967554735,1116.998475903578,98.87533731807684
585,97.77430881175113,0.5126365595265325,51.19812829836928,1023.5501366005375,90.60340475082074
586,87.37429126477873,0.3837310305730712,33.780549540103806,675.3388697085585,59.78016979157148
587,87.23648685585631,0.4706148661301425,41.78364992157273,835.3364079181974,73.94295595629096
588,107.8600588556233,0.3810235676224738,41.39033083761386,827.473194642752,73.24691394568327
589,104.466217799043,0.47510325270150816,50.5345615622541,1010.2841472769416,89.42911562015072
590,98.90488244342954,0.48199071217023115,48.56838549867454,970.9764646458625,85.9496476860554
591,115.42148593535482,0.40482242343618485,47.21170911378483,943.8538657300577,83.54878844175451
592,91.889565799419,0.47397638331191017,44.34065980625216,886.456007476604,78.46800031305585
593,103.79551017874806,0.4450825027262212,46.89801789809438,937.5825683732639,82.99366087895874
594,89.98594878993332,0.4264824881033971,38.879371129333514,777.2742276525728,68.80336285653978
595,95.86843403878173,0.4580904945077692,44.641847019276504,892.4773255067636,79.00100001195861
596,100.79091001586788,0.45509487979334806,46.61310467433695,931.886599032418,82.4894606476433
597,95.16835947407911,0.45948719594278264,44.457138018428765,888.7846334234268,78.67412743045722
598,100.6098915418159,0.4995567388799177,51.28417462463377,1025.2703699748658,90.75567770268394
599,88.09489369032163,0.5180611021351424,46.63758486806951,932.3760057055083,82.53278232706492
600,88.72067615525181,0.4297537260492099,38.64118583356688,772.5124404521227,68.3818552843826
601,83.61142328426789,0.4283520732680608,36.29134571324852,725.5345673133914,64.2234314787275
602,111.10239540987509,0.41054110074803146,46.12037818783552,922.036038487975,81.61750109029829
603,106.79197470083736,0.44803841702519465,48.58744451736933,971.3574914887744,85.98337571562112
604,103.04105012266655,0.4533819767835013,47.46612881803685,948.9402103230361,83.99902543687654
605,103.8964930232131,0.49563368095085847,52.52622386747028,1050.1013494349174,92.95368559885836
606,104.54520976074124,0.49568920047975445,52.860360592129275,1056.781392271149,93.54499481098354
607,88.13613495329444,0.3280516691912626,28.85893227936728,576.9461708550951,51.070568571299155
608,105.52436002737848,0.4593660893704024,49.28127699675137,985.2285518703313,87.21122499543003
609,88.73582361277433,0.5008339608858094,45.35203820173769,906.6754281714619,80.25779867420665
610,116.28963198111177,0.36019909149231444,42.051049266528295,840.68224076703,74.41616253407683
611,94.38132018408669,0.5036041260251587,48.51530172271037,969.9152167458856,85.85570732145155
612,116.32011353167275,0.4855506221664881,57.56048174441622,1150.7459532298276,101.86262268708134
613,84.80666357810095,0.41097647236824636,35.2438458323624,704.593007889154,62.36971028151366
614,113.29355151682992,0.4440398384227835,51.06396607093948,1020.867972803218,90.36598289580186
615,96.9004433042642,0.40891479496153216,40.05741500782258,800.8256154244441,70.88810286334137
616,99.09629282237997,0.4815737957609634,48.618465161422016,971.9776544813066,86.03827178432812
617,93.98551040081048,0.3725348407056021,35.218077102236855,704.0778408680802,62.3241083276322
618,109.37808791841451,0.4794684115312911,53.41812958354998,1067.9322789604653,94.53205764641841
619,102.43104850413798,0.3864034645326155,39.89274133463492,797.5334684986138,70.5966860487134
620,110.97620780197641,0.429734332472009,48.33201788267195,966.2510163982729,85.53135679350822
621,95.103447915951,0.5076842419268877,49.29895078818432,985.5818853267815,87.24250164033683
622,91.85602984167288,0.38706413737106804,35.83870573571932,716.4854140292931,63.42241151074195
623,98.79191209072371,0.36300698770287443,36.01861838397781,720.0822176981297,63.740796167207506
624,113.13114824080291,0.38933201814436497,44.41215486263294,887.885332671821,78.59452242912228
625,103.91384310226444,0.5394062482989445,57.36979102048503,1146.9336748709245,101.52516447490066
626,96.60172986580902,0.47421151399768646,46.63862455053639,932.3967909796263,82.53462221407818
627,106.0513245571283,0.4522803711616774,48.728641519709754,974.1802941152862,86.23324674758733
628,104.40688364092061,0.48054052642675354,51.10926993470066,1021.7736851306503,90.44615544197795
629,121.29737017956296,0.5118370336770093,63.41256243828482,1267.7404253460545,112.21883009863096
630,112.70140500723134,0.44158796679153106,50.50335479543744,1009.6602633284522,89.37389017697872
631,102.73635347174755,0.4739407769965242,49.57081220318308,991.0169236320248,87.72360457589177
632,99.17942480179411,0.42229906685711216,42.410491123710564,847.8681824068257,75.05225328881852
633,111.6069719440043,0.4939392152522465,56.22334258059193,1124.0139413521615,99.49633772912117
634,87.87031935223534,0.43038594443697686,38.329872444032596,766.2886804637415,67.830935671229
635,88.9425403046162,0.37488362651428275,33.55043713296658,670.7384752490937,59.37294850722027
636,96.58780024731871,0.4477811841115508,43.91841364852034,878.0144857493493,77.72076714643492
637,95.48051109736284,0.39808862272777656,38.37169955160088,767.1248856745184,67.90495553255049
638,82.45882393079074,0.5214151005274105,43.94780983272692,878.6021726308859,77.7727884695637
639,99.24517824387286,0.5630509624374754,57.286553531690004,1145.2695956192392,101.3778622172129
640,100.18777987941795,0.46625020125515804,47.522126843641296,950.0597197399187,84.09812303961542
641,92.34260145186572,0.4894796913856892,46.08096942110291,921.2481806128325,81.54776087592566
642,96.52890536064282,0.39289508045529276,38.26015511343351,764.8948954635897,67.70755952971064
643,101.50037137940593,0.4682573744740262,48.361277617635096,966.8359753941154,85.58313664753567
644,95.61659188112468,0.445720926194487,43.26741502465207,864.9997574275648,76.56871933197519
645,99.62483982496201,0.4374779907028048,44.20830990031241,883.8100755098288,78.23378565531073
646,105.1144698635967,0.5291712100286095,56.88909631373654,1137.3236529988699,100.67449710629495
647,113.97637069853135,0.4010693023053611,46.16591843259625,922.9464765312179,81.69809195105128
648,115.10999811930733,0.4906264546369519,57.58270653502957,1151.190270009059,101.9019530643113
649,101.41089738355932,0.5024455361916881,52.00386348202756,1039.6583496291682,92.02928404354665
650,96.54795003402667,0.40612417489019564,39.62531626724956,792.1871214083938,70.12343395090959
651,89.69006480389348,0.47016374951224116,42.91583319102528,857.9709529420222,75.94653816571294
652,88.58419323455259,0.4803387601820619,43.3447466893305,866.5457677716125,76.70557027453471
653,103.8366243529129,0.41803080568012196,43.93088355686022,878.2637834641075,77.7428346748793
654,83.12433606533769,0.3673432237380004,30.689492835900644,613.5426358035014,54.31004283602071
655,101.90742228667861,0.4503509222562309,46.615596477282445,931.9364150184707,82.49387029772883
656,101.56894001088685,0.43361766715249295,44.65423896944571,892.7250646861046,79.0229295807563
657,101.1753998585265,0.4620710866720816,47.54115535708034,950.4401367234525,84.13179708517579
658,82.2234200837438,0.43248795340585716,36.05035105481881,720.7166154906567,63.79695228297948
659,97.74470714506933,0.5338877306113088,53.39052480234551,1067.3804057082245,94.48320650190097
660,102.08254029714179,0.41937190713944283,43.33428869484326,866.3366921268233,76.6870631544719
661,110.62052980487492,0.5048105339956465,57.004674878383014,1139.634293242251,100.87903215125124
662,92.28424773398892,0.45967941498953824,43.12870329127325,862.226640160063,76.32324638714863
663,90.9968011324118,0.47963549676972805,44.457227777372715,888.7864278792476,78.67428627348916
664,103.77845585227084,0.45940273733585524,48.46995916026362,969.0087307564813,85.77546629166504
665,90.1344700222711,0.4214139130352703,38.45794038159026,768.849007556509,68.05757269035047
666,100.48660665816064,0.5011014785041047,51.386325502871486,1027.3125646575454,90.93645027531953
667,110.53820791353537,0.4925991884980193,55.52749506586114,1110.1025964958587,98.26492251693625
668,111.94841381848242,0.44106864778933985,50.1041318332375,1001.6790200472044,88.66740029478561
669,109.77464294359983,0.4628681343407907,51.67484196254093,1033.0805696905645,91.44702701789815
670,116.10085903876458,0.4035602982013328,47.33384365894925,946.2955727717323,83.76492535920393
671,82.45640007056762,0.42654609575321234,35.6317256787353,712.3474802289605,63.05612667765228
672,110.93680999385899,0.49515095173233636,56.02862547909382,1120.121167876628,99.15175418778297
673,89.45496200074845,0.46511921499060044,42.323684590547565,846.1327510184163,74.8986350273589
674,86.14281145934311,0.45154563209790394,39.51376915594471,789.957077756249,69.92603321751871
675,101.70649204868556,0.525241526381401,54.61983767599459,1091.9567603830574,96.65867532387682
676,94.72608486859767,0.45642771308620617,43.942483619060326,878.4956912631641,77.76336286927982
677,99.00427304108862,0.4468608684644599,44.92033372875383,898.0448163311505,79.49382748231952
678,96.42416017131204,0.5427003076530622,53.572425793721244,1071.0169602221977,94.80510985450296
679,123.36964120510734,0.46361520350556784,58.17245800341473,1162.9805486010448,102.94561408803263
680,121.91611769018583,0.4764965480257075,59.15634234084367,1182.6503096146832,104.68675724726228
681,105.13449503805352,0.4611193000345227,49.29512633999699,985.5054271710897,87.2357336580183
682,91.80787884076263,0.4472476715942463,41.692923542434634,833.522611186823,73.78240089063074
683,107.12342009041758,0.4129762138744196,44.74591416285208,894.5578300596185,79.18516372739154
684,84.04582320397445,0.4310123665187288,36.717551754974735,734.0552548214686,64.97767230332803
685,91.4086472828205,0.521617534445092,48.73743651888761,974.356123250239,86.2488109273099
686,105.1299253455817,0.491985201937786,52.74210144976483,1054.4171620669513,93.3357160483169
687,82.77185575247732,0.47841819007567926,40.33176477812059,806.3104007905881,71.3736093478118
688,105.90962786497737,0.5382611434956978,58.34273474118515,1166.3847116827321,103.24694643561288
689,83.48352051262259,0.38130108945017444,32.06067911601459,640.955315738524,56.73657969693744
690,89.09815437675921,0.45839316641391775,41.51788054726141,830.0231613519309,73.47263387633579
691,92.1943818696283,0.42855872207515,40.037009820539666,800.4176760539056,70.85199256978463
692,97.74192307314706,0.4593619992600364,45.64635069402484,912.5593071665726,80.77863243802152
693,104.60051113924546,0.37008785147282197,38.9236481799505,778.1594119886714,68.88171829005962
694,95.02422423527315,0.524640896483524,50.97056728926409,1019.0007495487848,90.20069857974146
695,94.23583163007412,0.44568594716549886,42.63910421383565,852.4386026038793,75.45682128816469
696,95.21945423235492,0.42290621350342955,40.77860305763311,815.2435668502535,72.16436226871734
697,110.00638879620291,0.504937265711442,56.70301593709657,1133.6035444468826,100.34519765256019
698,108.51766482931151,0.4549482410065364,50.16960824367127,1002.988020807018,88.78327143916786
699,95.6927461412078,0.4499099344268709,43.72795729027833,874.2068928162838,77.38372368241208
700,95.53538132002613,0.5224371444257853,51.020965329573166,1020.0083043707527,90.28988609882731
701,97.68348975108647,0.41952724523493345,41.483009741907345,829.3260261485592,73.41092432177807
702,111.51557498359382,0.4020282018857294,45.28283864076911,905.291994392998,80.135338810157
703,92.09968480507375,0.376183116154572,34.86857220527748,697.0905583850071,61.70560263818469
704,98.98134222583573,0.4640812696628101,46.721683810138444,934.0573070831871,82.68160906625707
705,100.56413023568521,0.3511949708368036,35.40214092329537,707.7576345529142,62.64983915869225
706,89.85731813416729,0.4793103414115854,43.86946797463204,877.0359665561784,77.63414982565594
707,93.57160636387911,0.41807024205698856,39.59191325991774,791.5193303415386,70.06432190338428
708,100.4722873407793,0.507526430946493,52.065152695876534,1040.8836401874805,92.13774526339547
709,98.39075542104997,0.42431802778105415,42.284392202090764,845.3472197712983,74.82910076325004
710,105.8760337176795,0.3841394089610477,40.9796304646001,819.2624956021481,72.52011292064141
711,103.05866831374406,0.4033741215068605,41.99620156085092,839.5857284822225,74.31910060930917
712,97.60354757505873,0.4859715540933674,48.34234348275514,966.4574452214918,85.54962962016667
713,98.4610807172569,0.42321360737269026,42.199030125232554,843.6406658730866,74.6780387018621
714,80.43826993920041,0.39563973035798633,32.11714501533181,642.0841788606792,56.83650527821341
715,90.9965857656781,0.4363672740399008,40.272109228521934,805.1177703572089,71.26803916222958
716,99.5048241579575,0.5053568207905309,51.33433791095565,1026.2732316081635,90.84444978645554
717,104.1089010059428,0.461252079347432,48.82894243988969,976.1855045392501,86.41074551892878
718,104.67046288145815,0.5207190752366809,55.7084368394973,1113.7199743820722,98.5851283779308
719,100.19578380007057,0.4853869982186879,49.56400409957853,990.8808164029907,87.71155653064149
720,100.9377589105973,0.4747771752430208,48.79271776437341,975.4613028388105,86.34664007119362
721,99.54310354227272,0.522795529927172,53.199221403201925,1063.5558787805126,94.14466406140777
722,86.78020263255453,0.49880883387559805,44.165739398364735,882.959008399919,78.15845023687645
723,110.15786756584278,0.47888302442431346,53.73041606371909,1074.1754929227573,95.0846993015211
724,94.12606945686746,0.4656470704851674,44.58652966596128,891.371424052472,78.90310696940529
725,82.71051045646962,0.41980699980084235,35.14906572873865,702.6981693230692,62.201981491880915
726,99.04936036021299,0.43097171700580816,43.267948230828836,865.0104172558283,76.56966292692006
727,101.90886916339677,0.45668254108898837,47.3021087859028,945.6611309528363,83.70876534627169
728,120.34534143641805,0.45522754141868954,55.673476907488286,1113.0210573635663,98.52326109927924
729,102.45127591169418,0.4430240070034055,46.06648518152248,920.9586124998206,81.5221286611391
730,98.75432360452135,0.39401539132120206,39.259818226621675,784.880104885608,69.47662579578228
731,106.16662692971829,0.4103859321303692,44.05395154665735,880.7241518790212,77.96062347423693
732,89.95301653746247,0.4172050419893151,37.9780949307274,759.2559639609393,67.20840821798922
733,92.69862152693153,0.4393338278682742,41.31767411033228,826.0206453874234,73.11833606425373
734,104.4797282666103,0.4327043678870016,45.83252573477583,916.2813082382086,81.10809941527818
735,114.82618476615883,0.4942699924526642,57.88543131634181,1157.24232701901,102.4376737400652
736,105.15689820854548,0.42226364280031353,44.96258178034786,898.8894370315044,79.56859227247357
737,85.94089683653033,0.49104998696383445,43.02982390997859,860.249849062519,76.14826325978231
738,113.56041296691811,0.4113056619034543,47.23302780830092,944.2800678864513,83.58651533475229
739,102.46252205150016,0.43443438089372954,45.13604580274615,902.3573201304008,79.87556503795174
740,115.82558263679032,0.4771432591632029,56.28070189313266,1125.1606655418475,99.59784435022402
741,93.69577006240492,0.5324510447138939,51.03581553332503,1020.3051888191488,90.3161659466632
742,92.42232801036313,0.39298758586328786,36.641561441805145,732.5360607022661,64.84319510015526
743,100.71716067210735,0.5068859883832939,52.12348460990435,1042.0498085720628,92.24097306082105
744,110.50300840698398,0.482923015859086,54.373284346580526,1087.0276799188184,96.22235915686029
745,105.15922817038455,0.520852684568323,55.98350524688554,1119.2191267009998,99.07190660746922
746,100.97503246285711,0.46561358863512897,47.8272178766182,956.1590827216912,84.63803118206862
747,109.27430978519968,0.4241720422646191,46.94475016256463,938.5168372083162,83.0763612122218
748,112.24990716036946,0.4811304952388772,55.018978825870704,1099.9363680768722,97.36502042587315
749,95.8365685936352,0.42823479290783273,41.58569486906885,831.3789015060428,73.59264233466878
750,111.19369267496047,0.46979722983672534,53.161793091532104,1062.8076140529602,94.07842858397784
751,108.51792027733015,0.4717755002431249,52.11069060228994,1041.7940314826137,92.21833198606303
752,97.18956120698992,0.43142157038205514,42.502000315181405,849.697629078867,75.21419366806317
753,115.39017040374262,0.4000540804044739,46.61405729220869,931.9056437159866,82.49114645971251
754,106.41553896343332,0.4626794868573982,50.072253594798184,1001.0417120753388,88.6109865735021
755,101.16990692042125,0.42196923074846177,43.22617948522025,864.1753788141074,76.49574634656669
756,98.4229634150144,0.44206667070879585,44.15503028259858,882.7449123524729,78.13949871691794
757,104.8423040311523,0.4860471404841164,51.9360714237722,1038.3030545667523,91.90931498418558
758,97.95925718085493,0.4478984688685607,44.554226359682595,890.7256181479765,78.84594102153115
759,97.75125403394428,0.44923925442233603,44.59893218577658,891.6193745395906,78.92505524290868
760,88.93785833936488,0.47869279857019453,43.362197215691744,866.8946377251528,76.7364518156295
761,85.62308712736744,0.530368497804664,46.44911389731334,928.6081045287606,82.19925232870861
762,118.57988652009823,0.5191290099937119,62.9109920960282,1257.7130589286792,111.33121990191344
763,87.52012451751023,0.4601191133989473,40.943111827393786,818.5324170359328,72.45548725994402
764,101.26365166560463,0.3923932523056787,40.082802491607,801.3331605898463,70.93303013989178
765,103.29381891824076,0.4839776225375259,50.941773516695434,1018.4251060472463,90.14974332186293
766,99.41724456456987,0.41117390505260815,41.33655589486924,826.3981289748983,73.15175044918689
767,96.87581380183813,0.4728994677761902,46.63584663184289,932.3412549834345,82.52970623569934
768,101.70312422198566,0.5369983097181013,55.88897036119969,1117.3291905183062,98.90461177081127
769,101.18720426696649,0.48198209027679395,49.6882186825235,993.3641074444162,87.93137441282909
770,82.38638040823716,0.47959558695467547,40.24704173128713,804.6166223451295,71.22367815385797
771,95.15832357105243,0.5208924775472044,50.66335932476934,1012.859064989715,89.65704418308883
772,96.8877885413112,0.4566670474437178,44.96992406004,899.0362234792051,79.58158562908348
773,113.07588061524204,0.49641587705407186,57.26099578759786,1144.7586466192238,101.33263363739053
774,106.00442265658053,0.4804154704365402,51.877206766351364,1037.126235605854,91.80514441078618
775,99.82977770145611,0.4558774284000296,46.25164411379391,924.6602995871837,81.84979746938248
776,106.8589825184651,0.5223188472501852,57.05493294749477,1140.6390497678183,100.96797196856623
777,98.70949787850705,0.407318192220793,40.6377383857627,812.4274081560353,71.91507934950224
778,102.75826659798194,0.4238597950137848,44.11132279361483,881.8711146609035,78.06215121522884
779,99.84471868616177,0.4288923875235406,43.39471237797721,867.544679043166,76.79399267712193
780,84.95747579814993,0.5207460620991271,45.219091679215005,904.0175686791063,80.02252820650246
781,87.09620516419544,0.473358241835207,41.97043201930072,839.0705452391921,74.27349721947998
782,111.56796101933824,0.4427390032234039,50.13193944832338,1002.2349483431337,88.71661038680494
783,82.6808237704169,0.4537784119637507,38.12197750317407,762.132456355817,67.46303180250784
784,108.39028101731772,0.4947872495240512,54.70059885135125,1093.571333314056,96.80159534267808
785,89.91110701191616,0.4816955688723512,44.123681653709056,882.118192305304,78.08402222576365
786,94.16578748678324,0.33589542947141376,31.618348086364023,632.1122583676959,55.953803086829325
787,110.62116204373241,0.3964070459158703,44.25869985189426,884.8174686224114,78.32295886007981
788,94.11224508554794,0.4533994795270202,43.35480233545477,866.7467996902819,76.72336537381098
789,100.4766406106172,0.38140804296288183,38.59807190323978,771.6505091522415,68.30555818115528
790,104.8201788706003,0.5273116646437617,56.522639701425476,1129.997472764248,100.02599260286195
791,100.50195018846514,0.4334108707158252,44.16305137760615,882.9052696382478,78.15369334749663
792,111.71951021388671,0.43055903168516296,48.753671273122876,974.6806875549795,86.2775409621353
793,83.74207077525458,0.3758488742556888,31.674661578671937,633.2380745773883,56.05345895914503
794,101.65438000164824,0.4951804014406221,51.343717152828184,1026.4607408906104,90.86104787853192
795,87.87370168670384,0.41444775385576227,36.84267033727853,736.5566185678535,65.19908995922856
796,105.88469900371238,0.4362749309061178,46.85070765495903,936.636744620849,82.90993771855976
797,97.00367561499048,0.41959362769883485,41.20115926776685,823.6912871279021,72.912144123429
798,99.81566271856694,0.4183454856126963,42.263093789732835,844.9214230946839,74.79140976282578
799,98.46892981537746,0.4808575922215955,48.23570780543382,964.3255906846881,85.36092046703286
800,106.99073790832817,0.43057635488343265,46.69203568950902,933.4645835026815,82.62914190070302
801,97.83736208375463,0.47022463394027814,46.82056816522202,936.0341976164427,82.85660099555083
802,90.27887655995426,0.4281159676021053,39.16268182535795,782.9381593480102,69.30472715471387
803,88.25138931584173,0.4468946004746444,40.044687057098805,800.5711589406828,70.86557868698176
804,95.22362997403292,0.43646485249971295,42.15273704466716,842.7151771782611,74.59611557586061
805,89.7958099629095,0.44836222608107673,40.885558087229214,817.3818058599926,72.3536365675776
806,98.38253213669397,0.42085363111967045,41.91857487855171,838.0338201622903,74.18172758514646
807,99.67582046824451,0.36475036747815864,36.525590704840845,730.2175801716945,64.63796604257733
808,108.61226184344987,0.45914616472526915,50.69797856153029,1013.551170847749,89.71830854615573
809,97.55237745172501,0.3926494397175294,38.64034736447521,772.4956778246237,68.38037147712228
810,107.0382088723499,0.3937307272951549,42.52069265543583,850.07132530677,75.24727280056467
811,80.40344243317541,0.4914469124837287,40.29119333352866,805.4992987242754,71.30181158609936
812,96.13175595361321,0.45626486721791804,44.57792064894597,891.1993130625805,78.88787191533063
813,79.86491749583425,0.3846153940043215,30.95235795053809,618.7978205717158,54.775225356709186
814,106.06829971829788,0.41196522741285607,44.19120452846259,883.4681058661059,78.20351492119151
815,93.02937722618903,0.44029862582702295,41.56050107324723,830.8752285396322,73.5480578204316
816,92.18076488621591,0.4391216489845115,41.06606524634818,820.9904949569235,72.67307330758432
817,93.57303378955581,0.39251034163712595,37.050300579262085,740.7075508305754,65.56652540029226
818,111.38181207179636,0.3999609156176381,44.98377476397899,899.31312598287,79.6060966996397
819,95.49424096943638,0.4045856870934987,39.0366903451348,780.4193446749157,69.08176476414975
820,97.61544733617451,0.39364342006000197,38.7684625779924,775.0569500557475,68.6070921587337
821,99.20079812070685,0.361608180554858,36.02019999532785,720.1138371843724,63.743595085411535
822,93.21866955926977,0.4331988539703088,40.94158953074743,818.5019833659508,72.45279330874338
823,111.313343236774,0.4593139765710025,51.97864313643718,1039.1541458812555,91.98465254518084
824,101.27792699955056,0.43967282511020994,45.17813961012648,903.1988571890037,79.95005686791393
825,103.27049551024389,0.5062798072212182,53.37835528099605,1067.1371133134908,94.46167055703161
826,102.55335077099113,0.47609919098210357,49.71779370658263,993.9553696823496,87.98371222212808
827,90.12474994815695,0.40971985474108263,37.3335506572833,746.3702706542599,66.06778242506272
828,107.38976737312399,0.44470240985873205,48.478627760984686,969.1820329405081,85.7908067887859
829,80.27411526581109,0.3840942193146337,31.066476752634365,621.0792773232911,54.97717711470611
830,83.88863071480968,0.4247276825764453,36.088489693575816,721.4790810378736,63.86444479957713
831,82.68937668158122,0.46406735930010234,39.03024356415948,780.2904609878116,69.07035613798585
832,88.66304307961839,0.44372573031268786,39.932836607840784,798.3350509730302,70.66764114780793
833,111.27816802852755,0.39521320273238525,44.380354825867705,887.2495881034789,78.53824709840431
834,124.64497547474939,0.41171451356527367,51.8975828406111,1037.5335929504502,91.84120318411921
835,106.22502262488571,0.44502056749957153,47.9887536125465,959.3884961801623,84.92389490698334
836,97.53645325138312,0.3867521232207391,38.0226417106347,760.146540710025,67.28724098130365
837,92.21737950816633,0.45031643887697165,42.17969212640344,843.2540616748283,74.64381697163061
838,102.43795467250582,0.4054555325989205,41.96989410781761,839.0597913427057,74.2725452977312
839,110.59277193258332,0.432585790884863,48.500219253777814,969.6136888649007,85.82901644264881
840,95.38212044470691,0.47619745059774116,46.25114814995959,924.6503843057615,81.8489197808123
841,111.04612367254062,0.45954484505294524,51.88111312008616,1037.2043312127003,91.81205733827584
842,90.15741444947935,0.4186333717265265,38.20126924759971,763.7176525052774,67.60335142457933
843,109.12078647716251,0.4395374813065538,48.66099055784335,972.8278198440399,86.11352738120654
844,104.57656546001061,0.46130459437437615,49.05412287563285,980.6872993006032,86.80923887873885
845,118.57539122999967,0.4828222723231117,58.33262331066159,1166.1825645254514,103.22905261678036
846,85.43445245796171,0.47102449828540355,40.95772858858455,818.8246345136163,72.48135399324715
847,113.75119397856183,0.4996048305430359,57.98854391173061,1159.3037482975453,102.6201482274229
848,92.97869395103355,0.5239416831035147,49.804251193080816,995.6838229492274,88.13671278881446
849,105.55600396854314,0.47770312084318367,51.35343584198307,1026.6550363842675,90.87824667771487
850,98.25908332236641,0.4879550587279131,48.87418697562594,977.090030784104,86.4908130745274
851,109.22445781598591,0.4640651667976102,51.554822574866414,1030.6811487599196,91.23463321521757
852,85.20640834020087,0.4318838311121269,37.30350967524045,745.7696930102028,66.0146200274204
853,120.21408625041548,0.5420813853270223,66.71081705510105,1333.6789484090768,118.0556274181959
854,115.41676655328015,0.42687948038671747,49.91572491827562,997.9123994703374,88.33398365356265
855,98.72276985602187,0.4787337772844364,48.13719081636374,962.3560445123651,85.18657865157564
856,86.1291889221459,0.4212854040880225,36.73723042134029,734.4486696261895,65.012496900104
857,88.00539564622056,0.5013134157925578,45.02357311507007,900.1087724068633,79.67652634681951
858,94.29571709294899,0.47323414787356777,45.427337356239114,908.1808046849682,80.39105275984294
859,110.24891360802643,0.3861066375829181,42.90269882887349,857.7083715035706,75.92329477831318
860,107.74853518154877,0.5476891128967973,60.43551120948217,1208.223382571567,106.95045435107994
861,89.01539952260319,0.4260847207481489,38.422399720898404,768.1384806424386,67.99467771795987
862,102.51249190406061,0.3994736257136756,41.34862562051201,826.6394262594082,73.17310978934226
863,85.15516880379947,0.4949708200949625,42.99130565695749,859.4797942880242,76.08009895407903
864,100.41959775692953,0.5032582794362883,51.58227256983198,1031.2299275342714,91.28321044034148
865,97.66311033839298,0.43221115627170253,42.79105403664949,855.4763750199168,75.72572118266838
866,90.74807566321223,0.4759735101905313,43.98248150849363,879.2953268466097,77.83414563196959
867,92.68380410757443,0.45930773335785285,43.27881792249339,865.2277235277141,76.58889861201504
868,98.83937892336736,0.4874858572466576,49.113532935499165,981.8750219168918,86.91437463036183
869,96.23735597793168,0.38090383881432194,36.91797535052719,738.062112209109,65.33235441286978
870,99.3486416465227,0.4290396287366676,43.194655075027505,863.54514455689,76.43995878184208
871,97.26924650137975,0.4538272723187009,44.853371481918494,896.7061108125432,79.37532690906244
872,105.55208840317506,0.4051461374408847,43.211074773917595,863.8734062648953,76.469016106277
873,123.72416313931654,0.46585126270987026,58.633688736592546,1172.201447794806,103.76183679363803
874,106.59756227569677,0.3433105989276632,36.63278242302764,732.3605510465895,64.827659200347
875,102.34696388546519,0.3563665776290149,36.592366042596,731.5525490143544,64.75613584985513
876,88.30726431318227,0.4602873291859744,41.32713600358305,826.2098070316321,73.1350804213699
877,99.50545381249113,0.4494966626669119,45.42650970410447,908.1642583094729,80.3895880949452
878,98.26578814462033,0.41598742737884475,41.36056191192898,826.878055934289,73.19423299595977
879,100.63780290293116,0.4618029377949813,47.2598607310239,944.8165101868113,83.63400055030452
880,108.31598370182948,0.37013595755081535,40.31177792463709,805.9108247261265,71.33823936386807
881,100.43616713283043,0.6068113283452797,62.64570647228396,1252.4094834768746,110.86175389716813
882,100.32957189885948,0.4524605533099535,46.11881608921294,922.0048090990956,81.61473670303519
883,99.06816514713194,0.4473930400468189,45.0053616858982,899.7446905266054,79.64429826459873
884,109.78378842104144,0.5658829854502577,63.70015112384941,1273.4898823707126,112.72776499422156
885,84.67276105504116,0.5120479269775005,44.28471146746836,885.3374913958793,78.36899063921733
886,96.36536982777832,0.528931292312004,52.129413478502784,1042.168338183701,92.25146515690331
887,111.77658896903438,0.44560794202890974,50.566543365350825,1010.9235257076843,89.48571261591874
888,95.18160611029357,0.47058733181997414,45.586337091387044,911.3595185567268,80.67242861942371
889,88.02171127223893,0.4446973748913858,39.7348955259007,794.3778238596108,70.31735224936777
890,93.63967667512277,0.4815724112973775,45.941211050216,918.4541390264153,81.30043573601063
891,94.66765453008327,0.42760749337986254,41.015354344343145,819.9766854213111,72.58333212890557
892,113.39499660050542,0.48541709011384954,56.096906198211194,1121.4862322198494,99.2725880119184
893,102.07375597196436,0.4514629812872098,46.81233743925051,935.869649400083,82.8420353889286
894,108.54303695896097,0.4715276926173099,52.09416138154235,1041.4635802197179,92.18908084491034
895,94.92443124621013,0.4821252860774555,46.62731711882931,932.1707334331288,82.51461187687057
896,111.645646797864,0.47421971688100845,53.902693536907805,1077.6196545957753,95.38957227542751
897,89.33678163438461,0.4546445107215015,41.27310984578095,825.1297190863057,73.03947235902143
898,84.54861839147522,0.40837957667150515,34.90322769881141,697.7833890864322,61.766931163501006
899,109.24856060909252,0.4400214481493064,48.77416946774906,975.0904863231576,86.31381584729426
900,97.25329460579528,0.3916682575741489,38.42045339017996,768.0995697068447,67.99123336958769
901,113.24904551427089,0.41933751402540814,48.07035746324324,961.0199158297441,85.06830617668473
902,107.64708612786993,0.4463812466339222,48.786882206324805,975.3446386865006,86.33631310328686
903,108.13894658861804,0.39493599683736996,43.09649631818305,861.58276014332,76.26625091650008
904,85.47773431947826,0.515367551001596,45.0073298416295,899.7840377866434,79.64778123587642
905,100.20389592759572,0.44075066931783263,44.813835331409805,895.9157062880263,79.30536126840556
906,95.87346529157726,0.46906625260136253,45.762688969382864,914.8851355042926,80.9845119144908
907,99.92319786439103,0.4862518706074829,49.52102245041874,990.0215296608575,87.63549352042776
908,102.19053736424593,0.4233992263960328,43.817584733983516,875.9987196915354,77.54233400331049
909,94.69180657769213,0.4256284688632366,40.826628949833136,816.2036978190113,72.24935188638774
910,98.4208523782115,0.5347673328279992,53.85187040113752,1076.6036012889633,95.29963248086969
911,90.35179273051853,0.47583983650651507,43.77757910964085,875.1989294722114,77.4715375524421
912,99.48221466690023,0.4662254645926685,47.18483998559219,943.3166996119598,83.50123915474245
913,85.82093295760636,0.39081694148075513,33.8263774174793,676.2550580870563,59.861269664959934
914,85.76361227022609,0.46690409207754596,40.7399120694261,814.4700587635182,72.09589228004315
915,101.3885514272827,0.40949879539465994,41.97567883475356,839.1754392822356,74.28278231172703
916,87.17960020910647,0.4457709560679704,39.454232281733304,788.7668198746188,69.82067304731214
917,91.04371124465342,0.35758703600357944,32.669192842100664,653.1206883441185,57.813443583439366
918,103.88096539602883,0.510047234963696,54.109885052809645,1081.7618158710452,95.75623131942207
919,105.0603000175753,0.42249081554992696,44.94664735968738,898.5708769789056,79.54039372669553
920,104.16168862132135,0.4096186050720103,43.137044879447615,862.3934047274233,76.33800818244751
921,97.33731272509827,0.45589449689804384,45.098638350036424,901.6094724140197,79.80936647384009
922,103.0462614481145,0.4752139361072678,49.85979408475214,996.7942333538044,88.23500495812584
923,100.78468618296516,0.4623116721911894,47.38333660379632,947.285032975507,83.85251116484426
924,97.58104230782824,0.5271741333083673,52.60478375829072,1051.6719144077615,93.09271008709167
925,94.77777037849137,0.44199925587308647,42.512913024057845,849.915795348463,75.23350547910238
926,96.33134685861242,0.513064839804119,50.486394671510155,1009.3211974731269,89.34387648265276
927,98.49295632489594,0.40555536621336674,40.36403895119302,806.9556242656423,71.43072373974496
928,99.97788591131543,0.4539280449743274,46.11310435178939,921.8906203618427,81.60462885583811
929,103.28630794535086,0.43897437122513494,45.99735961688885,919.5766580519743,81.39979974562426
930,95.33587305152531,0.42907239747614806,41.45331011338133,828.7322728250464,73.35836600463394
931,88.89750783134605,0.5459772329193663,49.70032438622352,993.606124000248,87.95279742200113
932,97.2504878380491,0.4956570050915957,49.16866048973543,982.9771289185412,87.0119317926136
933,107.13294538922644,0.44320978369816316,48.19271964830107,963.4661738355212,85.28484593990382
934,99.61709508459293,0.46138366852142115,46.736138260932044,934.3462796604277,82.70718856494638
935,102.80755505718474,0.4532554740386804,47.34474489908409,946.5135097588836,83.7842168744419
936,115.72355378842394,0.5560031737954663,65.93132665123893,1318.095419560088,116.67619252657411
937,120.49376046338497,0.4595631927981513,56.29742991235241,1125.4950911727542,99.6274472975664
938,109.14937486408293,0.47540016812858665,52.834442670316214,1056.2632426181467,93.49912883817602
939,95.54110783623975,0.49125321929937016,47.85720093883532,956.7585024358102,84.6910910811707
940,97.47980959432171,0.4441928459605539,43.95220860491947,878.690112640183,77.7805728115038
941,112.70741929131032,0.430915940026328,49.227545861001566,984.1543619894843,87.11613902252708
942,98.00872718184195,0.4330496807235787,43.029839998495056,860.2501707032466,76.14829173102567
943,115.13746446613361,0.438509444634051,51.218235874037376,1023.9521261362065,90.63898837228045
944,95.84721603784297,0.3960933283034206,38.315793461191916,766.0072142209564,67.80602062407415
945,77.06179665383812,0.5371299952087032,42.35859538092407,846.8306856001351,74.96041534190908
946,95.60421805468924,0.4658207319055909,45.30436061479939,905.7222605021464,80.17342543927631
947,102.87911657642034,0.44362909446886134,46.325028693691934,926.1274000315839,81.97966340425069
948,103.36043863832842,0.3726355159300281,38.74209354377227,774.5297817885651,68.56042786924228
949,83.59990429310973,0.5113250998657404,43.659365779739026,872.8356151482214,77.26233986236994
950,102.58052143188104,0.43048846322790996,44.757781249671055,894.7950762000207,79.20616446523113
951,104.7403061882491,0.4210881749984656,44.65359083527352,892.7121072237418,79.0217826020544
952,96.79243854218603,0.44518403781952465,43.7442600443929,874.5328165708336,77.41257405406994
953,103.64224231086607,0.45512777147223715,47.93539320483924,958.3217178737458,84.82946499757347
954,88.4769063585984,0.43443786700374065,38.97553183497791,779.1966671375541,68.97353484571582
955,103.048114370536,0.5071586485670527,53.35967276162139,1066.7636134240702,94.42860880417214
956,98.02424263379544,0.48287433742806835,48.22800421025327,964.171580837816,85.34728770397338
957,103.1432608611081,0.4672155212381464,49.02983329953505,980.2017034446769,86.76625452818624
958,111.74411211455305,0.4906958266048824,55.907193048456854,1117.6934974695798,98.93685977604275
959,89.22770549013748,0.4636649831929194,42.07824028127615,841.2258420232571,74.46428145163625
960,89.37718370877207,0.41674346432135473,37.69112829071469,753.5189428363963,66.70057413304899
961,95.84954644735595,0.41713915588572686,40.460892823270314,808.891921495441,71.60212239952338
962,117.78992869180934,0.4513508441231305,54.005936618213546,1079.683684541513,95.57227767881166
963,107.013884923319,0.5010151677636248,54.714393930088775,1093.847123761783,96.82600797540444
964,84.17558471842854,0.5008669634221559,43.024296149909816,860.1393383903219,76.13848099040015
965,113.80347491136473,0.45581195740509595,52.717809481955356,1053.931518396058,93.29272746524195
966,88.3155692906781,0.5085552397268848,45.86206858675972,916.871927293801,81.16038029086393
967,106.10089595368967,0.4063706767664653,43.57384669978253,871.1259224527911,77.1109999584957
968,111.91809290105263,0.462643581757225,52.657127450212364,1052.718366588676,93.18534075276153
969,113.29407519532013,0.4698655615170911,54.17421636299132,1083.0479238502355,95.87007602289586
970,93.07022703962417,0.4776730952172891,45.27608299511122,905.1569359003192,80.12338359776471
971,90.80030475083043,0.5389920356092042,50.08996066812242,1001.3957109015106,88.64232211612193
972,93.87019475676975,0.3762585760636988,35.54640935253919,710.641840975444,62.905145579492796
973,96.33321105932666,0.45501132604497685,44.54298244588469,890.5008304479907,78.8260430895818
974,106.76656641072634,0.5101762821604503,55.62759203044924,1112.1037294509617,98.44206035572701
975,93.34341407505588,0.45712370166899663,43.37013040700504,867.0532376451555,76.75049088634194
976,95.83840300768246,0.5489458687733031,53.88321358497507,1077.2302124789555,95.35509933611999
977,100.28043199650156,0.4417505644024521,44.95464370009168,898.7307393720273,79.55454454998255
978,102.82103315971739,0.3602675185280414,37.18819919828497,743.4644123610465,65.81055940718207
979,105.5712166374717,0.40280507289700884,42.956204592616146,858.7780557597712,76.0179819188396
980,102.46349252590889,0.42740368582827243,44.37075310150183,887.0576309633857,78.5212552874155
981,100.102358250189,0.41408848649115854,41.93153364903563,838.2928911818731,74.20466023456646
982,95.0395469454414,0.505012929425534,48.99597053070164,979.5247208514243,86.7063288579993
983,114.59048336529966,0.4085257948035521,47.32287268965377,946.0762417630752,83.74551044688927
984,90.56177596604098,0.42273064542677935,38.7670094449395,775.0278991004835,68.60452060374675
985,109.47848654008696,0.42909840922314385,47.605734149348365,951.7311923507641,84.24607974840285
986,95.60250367303856,0.5479747463160094,53.65190011048883,1072.6058063477753,94.94575256799092
987,104.05283201620591,0.35338260503608776,36.872240857722325,737.1477907697592,65.25141979864863
988,88.11007015845102,0.48552163144673544,43.59815434422666,871.6118795300935,77.1540162839222
989,86.93962608755628,0.47922463152173084,42.43709370184427,848.4000196709538,75.09933087220239
990,98.8287756174554,0.3886237154317836,38.72303407704132,774.1487459885391,68.52669904680377
991,93.79524006319724,0.45291335260588894,43.16030169455029,862.8583536829109,76.3791648946555
992,102.3285116258768,0.4325788587379965,44.87519190365865,897.1423434717268,79.4139416898848
993,110.00972894693297,0.442849257734954,49.44465585547841,988.4948129373989,87.50035042553769
994,110.05450988928838,0.5105293326215047,57.38197840984206,1147.177324481873,101.54673204011196
995,106.1600791090466,0.42359556765236916,45.54181270199413,910.469389437561,80.59363547976167
996,105.76069619594574,0.4933405605643039,53.21091328981719,1063.7896223281757,94.16535475402704
997,79.97843671746111,0.416810045532423,33.7332558625295,674.3933771339194,59.69647594662372
998,92.3245744787036,0.5078461201547557,47.874346783986326,957.101281219522,84.72143343937093
999,105.93018701111372,0.44791369552736043,48.181311428390806,963.2381013368653,85.26465724159844
